Formatted Date,temperature,humidity
2024-01-01 00:00:00,15.496714153011233,56.624108625128095
2024-01-01 00:30:00,16.16699762102933,59.27740664642241
2024-01-01 01:00:00,18.235878989125897,56.03790039500019
2024-01-01 01:30:00,20.349864180058926,58.4601923518048
2024-01-01 02:00:00,19.765846625276666,50.53192666523107
2024-01-01 02:30:00,20.853477333138027,61.06646853686469
2024-01-01 03:00:00,23.650280627372865,60.00602737681112
2024-01-01 03:30:00,23.700968132065263,55.914556844659046
2024-01-01 04:00:00,23.190779651909434,63.296228342162024
2024-01-01 04:30:00,24.781355368698833,64.6878506881328
2024-01-01 05:00:00,24.195840570078218,51.96220067815513
2024-01-01 05:30:00,24.448718860167844,56.186376107168925
2024-01-01 06:00:00,25.241962271566035,56.154288251063505
2024-01-01 06:30:00,23.001168369080304,55.300484494455674
2024-01-01 07:00:00,22.93434043037765,64.14737420965874
2024-01-01 07:30:00,23.676507795871895,59.03086930613598
2024-01-01 08:00:00,22.647422917509964,58.67742579344694
2024-01-01 08:30:00,23.247780735507625,49.98068817796623
2024-01-01 09:00:00,21.163043736344264,63.17709015104613
2024-01-01 09:30:00,19.67531058875192,53.80370802573264
2024-01-01 10:00:00,21.465648768921554,60.29966315133164
2024-01-01 10:30:00,18.601058023164363,61.38688468979096
2024-01-01 11:00:00,17.655718655713134,66.80329297919326
2024-01-01 11:30:00,14.880513735987062,53.45589800440444
2024-01-01 12:00:00,14.455617275474818,44.90243922089587
2024-01-01 12:30:00,13.805660667509347,60.91924772376847
2024-01-01 13:00:00,11.26081597155249,69.00255590755427
2024-01-01 13:30:00,11.548863694694775,66.19473176469718
2024-01-01 14:00:00,9.399361310081199,61.04829707637313
2024-01-01 14:30:00,8.620691960119517,57.54181907183976
2024-01-01 15:00:00,7.327225575905132,64.03561298318655
2024-01-01 15:30:00,8.918744781596589,55.13226900147766
2024-01-01 16:00:00,6.32624873741768,62.3817888467811
2024-01-01 16:30:00,4.703493745931231,62.52735079583314
2024-01-01 17:00:00,6.163286649212506,65.30104953749439
2024-01-01 17:30:00,3.8647077362908737,73.7983001945554
2024-01-01 18:00:00,5.208863595004756,61.96207983589383
2024-01-01 18:30:00,3.1258812623821184,57.45518187146251
2024-01-01 19:00:00,4.012555688210885,59.872128439040026
2024-01-01 19:30:00,5.958065910756254,51.15462047555441
2024-01-01 20:00:00,7.078212542151025,56.52643434455471
2024-01-01 20:30:00,7.237834878277613,57.95358780943448
2024-01-01 21:00:00,7.813283905746283,57.37955801032704
2024-01-01 21:30:00,8.611282014323502,60.76177436016861
2024-01-01 22:00:00,8.521478009632569,55.887900338089
2024-01-01 22:30:00,10.453321467954396,65.60515333662235
2024-01-01 23:00:00,11.951170778014996,60.00103532459099
2024-01-01 23:30:00,14.751860304018399,59.953498394306926
2024-01-02 00:00:00,15.34361828956846,58.36052641743541
2024-01-02 00:30:00,14.542221766837777,60.77595341929489
2024-01-02 01:00:00,17.912274420420008,64.12549132333817
2024-01-02 01:30:00,18.441752043234576,55.664348921445495
2024-01-02 02:00:00,19.323077999694043,56.70941755462372
2024-01-02 02:30:00,21.699290578928075,58.48136985611668
2024-01-02 03:00:00,23.102067334361426,53.27064538263392
2024-01-02 03:30:00,23.86481352202855,55.90371070139251
2024-01-02 04:00:00,22.821036514621742,57.618895632276704
2024-01-02 04:30:00,23.92958294926165,64.37194590356364
2024-01-02 05:00:00,24.990521694294245,61.31280664500962
2024-01-02 05:30:00,25.88999374086046,60.96794955683772
2024-01-02 06:00:00,24.52082576215471,64.25448981083986
2024-01-02 06:30:00,24.72878963707429,59.31314105800302
2024-01-02 07:00:00,23.552923288884656,61.95232424964445
2024-01-02 07:30:00,23.042588701032198,59.483891235337516
2024-01-02 08:00:00,24.47277986023859,61.32681174699814
2024-01-02 08:30:00,24.289773431483177,57.08620671194209
2024-01-02 09:00:00,21.999057690285138,47.80591420861786
2024-01-02 09:30:00,22.091147187979235,59.32860418906848
2024-01-02 10:00:00,20.361636025047634,67.1137406804997
2024-01-02 10:30:00,18.181714569045784,64.63107701120796
2024-01-02 11:00:00,17.949586056533622,64.82698742295585
2024-01-02 11:30:00,17.843298488666477,66.18065360903108
2024-01-02 12:00:00,14.964173960890053,60.44328795480719
2024-01-02 12:30:00,15.259381733613504,60.98657853702798
2024-01-02 13:00:00,9.792064444885053,56.91174052282825
2024-01-02 13:30:00,11.995068180724326,58.41963571986475
2024-01-02 14:00:00,10.087047068238178,63.07885574885571
2024-01-02 14:30:00,8.613378359446928,66.01942218584408
2024-01-02 15:00:00,8.020692964670037,59.302768621595
2024-01-02 15:30:00,5.078897682486758,57.74905367574294
2024-01-02 16:00:00,6.120074074318101,60.002639794282985
2024-01-02 16:30:00,6.118317246398882,63.00603374464558
2024-01-02 17:00:00,6.818635781850839,52.78072591933229
2024-01-02 17:30:00,4.567281167988247,48.51909523431381
2024-01-02 18:00:00,4.191506397106813,57.24731575254208
2024-01-02 18:30:00,4.5837943426773595,53.89643787042921
2024-01-02 19:00:00,6.2561438548113895,57.45929901176345
2024-01-02 19:30:00,6.0899557845468095,59.26109840591264
2024-01-02 20:00:00,5.809985758388571,57.733757954884936
2024-01-02 20:30:00,7.579734030201002,67.26233767235372
2024-01-02 21:00:00,8.026009737482568,61.6337238230116
2024-01-02 21:30:00,9.881030700445677,61.50237179805414
2024-01-02 22:00:00,9.297946906122633,63.11103572021701
2024-01-02 22:30:00,10.845503529751324,54.30583441109616
2024-01-02 23:00:00,12.019701395842633,65.19555893710134
2024-01-02 23:30:00,12.23122312966737,59.6211785673227
2024-01-03 00:00:00,15.29612027706457,63.35240308620606
2024-01-03 00:30:00,16.56631719438039,54.64071383479922
2024-01-03 01:00:00,17.59330390766766,52.23120616991968
2024-01-03 01:30:00,18.59224719027575,64.08944829012515
2024-01-03 02:00:00,18.584629257949594,61.882047630487584
2024-01-03 02:30:00,20.666968967321843,55.48974222821245
2024-01-03 03:00:00,21.728353295338696,55.65168459362653
2024-01-03 03:30:00,22.131256133690727,65.62717392207385
2024-01-03 04:00:00,23.498968326178378,54.05294053566336
2024-01-03 04:30:00,24.64284618192741,68.21336476627982
2024-01-03 05:00:00,26.545444164101212,55.496896326760655
2024-01-03 05:30:00,25.08902642656994,63.191959628041914
2024-01-03 06:00:00,25.257550390722763,58.356907621255075
2024-01-03 06:30:00,24.84000269797194,63.01593715541171
2024-01-03 07:00:00,22.74048704759164,57.27942998942903
2024-01-03 07:30:00,24.21228144966365,59.186035469638526
2024-01-03 08:00:00,23.720484247785418,60.20459587697861
2024-01-03 08:30:00,25.39677551539764,54.98906272109264
2024-01-03 09:00:00,21.878706847084363,63.70412172710063
2024-01-03 09:30:00,21.38916163242081,57.43393216764208
2024-01-03 10:00:00,19.965288230294757,58.85700042329991
2024-01-03 10:30:00,17.658156286031375,55.02825312695744
2024-01-03 11:00:00,18.731013265540234,47.18833170602345
2024-01-03 11:30:00,17.057194954887304,59.04486118699916
2024-01-03 12:00:00,15.79103194704307,72.06307710806458
2024-01-03 12:30:00,12.785350623004744,63.92302143949012
2024-01-03 13:00:00,13.8146038599109,59.903698101328025
2024-01-03 13:30:00,9.771314613556841,58.685545853958665
2024-01-03 14:00:00,10.586857093800282,60.11232946406023
2024-01-03 14:30:00,11.102841335722776,62.73559557587605
2024-01-03 15:00:00,6.9383958630038345,54.09593592345578
2024-01-03 15:30:00,6.500168867484871,65.57160847334436
2024-01-03 16:00:00,6.439397327243265,63.57690657720622
2024-01-03 16:30:00,5.257729020770938,63.59092862853967
2024-01-03 17:00:00,3.790078306043186,62.192378694048635
2024-01-03 17:30:00,5.154114361067921,60.09808328846995
2024-01-03 18:00:00,3.937696286273895,63.3643061798341
2024-01-03 18:30:00,5.559143816897076,62.95907066870689
2024-01-03 19:00:00,4.421317502875512,58.22979644529488
2024-01-03 19:30:00,7.311139079904672,57.13199113551549
2024-01-03 20:00:00,5.556492669819379,60.50928147630994
2024-01-03 20:30:00,6.744405080881981,67.74510075747594
2024-01-03 21:00:00,8.742449405504182,53.804464621730496
2024-01-03 21:30:00,7.681521393478832,52.6623736712378
2024-01-03 22:00:00,10.227459934604129,60.82380420618259
2024-01-03 22:30:00,12.480308430631503,60.25443850928009
2024-01-03 23:00:00,10.804326314413577,60.866708321852045
2024-01-03 23:30:00,13.879371936331774,61.2197659895425
2024-01-04 00:00:00,15.259882794248416,58.883988726825976
2024-01-04 00:30:00,17.087084793977827,67.44931719301042
2024-01-04 01:00:00,16.3512397401471,51.995480107617425
2024-01-04 01:30:00,17.506377710566635,55.85751487609877
2024-01-04 02:00:00,20.52194156561689,59.48372619925476
2024-01-04 02:30:00,21.38459896332039,51.784055944229166
2024-01-04 03:00:00,22.32156066221135,59.12072797783964
2024-01-04 03:30:00,23.279981612409312,68.3073508286401
2024-01-04 04:00:00,22.980229316265884,60.10443244147981
2024-01-04 04:30:00,24.471049022273863,61.153504528593416
2024-01-04 05:00:00,24.952330736189364,53.6991761741371
2024-01-04 05:30:00,24.200097195711738,56.91819295980261
2024-01-04 06:00:00,26.865774511144757,58.12401809838032
2024-01-04 06:30:00,25.38828153464989,58.41142451621883
2024-01-04 07:00:00,23.467954765688035,66.40821897501884
2024-01-04 07:30:00,24.895348933746696,62.788455303625625
2024-01-04 08:00:00,22.685572367617063,54.44271021531484
2024-01-04 08:30:00,23.72061800665482,61.232523892160025
2024-01-04 09:00:00,23.229663390872894,62.491108742483924
2024-01-04 09:30:00,20.266931971735502,65.70074519260633
2024-01-04 10:00:00,20.963376129244356,67.90270343284186
2024-01-04 10:30:00,19.239615250587427,54.924529040860655
2024-01-04 11:00:00,18.410250611019684,55.94571244394831
2024-01-04 11:30:00,18.202054904854446,53.712110705426916
2024-01-04 12:00:00,14.75461188399714,58.829900704465096
2024-01-04 12:30:00,12.941001913441996,62.331791872231676
2024-01-04 13:00:00,11.522295119349264,64.9366725829455
2024-01-04 13:30:00,10.357355391383683,59.620244881787386
2024-01-04 14:00:00,9.922898290585909,58.40076238372578
2024-01-04 14:30:00,9.253537684729443,60.7587899612437
2024-01-04 15:00:00,8.205622987464569,55.824285491849885
2024-01-04 15:30:00,7.893649846123688,70.44769360847387
2024-01-04 16:00:00,6.35274785403353,51.96169486440971
2024-01-04 16:30:00,7.21473875204444,60.92370289447862
2024-01-04 17:00:00,5.0760849038713625,70.1180310961482
2024-01-04 17:30:00,7.805720552851515,60.03399922279999
2024-01-04 18:00:00,5.625667347765006,59.04980482499253
2024-01-04 18:30:00,4.22839382984561,58.212772885947864
2024-01-04 19:00:00,4.2698492390482015,59.09804159118796
2024-01-04 19:30:00,6.243677090130316,66.86424237338265
2024-01-04 20:00:00,6.116283176829746,48.940690443352466
2024-01-04 20:30:00,7.780467091179725,67.66716850648163
2024-01-04 21:00:00,8.402169812708056,52.88021423774927
2024-01-04 21:30:00,8.839556797255941,58.666738353827924
2024-01-04 22:00:00,9.153206281931592,57.85377789850669
2024-01-04 22:30:00,9.658318451663241,62.942766348853596
2024-01-04 23:00:00,11.965294596907782,52.00937824058126
2024-01-04 23:30:00,14.551136872122939,62.31086333040972
2024-01-05 00:00:00,15.214093744130194,70.12154811643427
2024-01-05 00:30:00,15.059523143488526,53.18412997703595
2024-01-05 01:00:00,17.761371376876358,60.94853083805198
2024-01-05 01:30:00,19.21215170337971,56.69008911101695
2024-01-05 02:00:00,19.116142563798853,62.12943603096518
2024-01-05 02:30:00,21.2413393960327,60.09573888707876
2024-01-05 03:00:00,22.129276530311476,56.792565454778455
2024-01-05 03:30:00,21.79056310508173,62.43936142435537
2024-01-05 04:00:00,55.0,69.02174054893372
2024-01-05 04:30:00,24.799579851481095,59.04548104136351
2024-01-05 05:00:00,25.742309506065958,63.59878971074091
2024-01-05 05:30:00,25.968250665773006,53.53363521064418
2024-01-05 06:00:00,23.62233063204291,55.21781811590996
2024-01-05 06:30:00,23.976623573822987,62.362031389401885
2024-01-05 07:00:00,25.174293530099348,67.42058014267982
2024-01-05 07:30:00,24.75258127602509,61.7780667439283
2024-01-05 08:00:00,24.175301724150433,58.43470984738423
2024-01-05 08:30:00,26.78626489356707,59.99645702711677
2024-01-05 09:00:00,22.64195832255863,53.74796133015141
2024-01-05 09:30:00,22.223179930267815,63.022576631776836
2024-01-05 10:00:00,20.954001763493206,64.41166531161704
2024-01-05 10:30:00,19.478225574956696,57.7395483358346
2024-01-05 11:00:00,17.27292120638489,57.64978926120249
2024-01-05 11:30:00,17.0642311426938,61.32939114826024
2024-01-05 12:00:00,14.227174785462438,57.81640131979702
2024-01-05 12:30:00,13.457919471059514,59.66933692687089
2024-01-05 13:00:00,11.926446001145719,70.49860894583257
2024-01-05 13:30:00,11.255039815735415,58.76487149627002
2024-01-05 14:00:00,12.314658566673494,58.20829923989389
2024-01-05 14:30:00,7.0451205173210525,56.76229097182421
2024-01-05 15:00:00,8.61519237850904,63.720959857499686
2024-01-05 15:30:00,5.453750725897994,59.09387913390948
2024-01-05 16:00:00,5.867814096366192,56.75313480839287
2024-01-05 16:30:00,6.850155271854503,66.60652016136505
2024-01-05 17:00:00,5.405021756204782,67.09801502256819
2024-01-05 17:30:00,4.007806608332595,56.99788217130647
2024-01-05 18:00:00,4.284696290740031,50.66730024319692
2024-01-05 18:30:00,5.765149135196568,65.0375684491846
2024-01-05 19:00:00,4.610375105392186,56.57685087119998
2024-01-05 19:30:00,5.977663264469103,63.953127995813844
2024-01-05 20:00:00,6.385317802059428,50.14948091144082
2024-01-05 20:30:00,6.414866249481835,64.46298669149655
2024-01-05 21:00:00,10.072876277459835,53.9441403535961
2024-01-05 21:30:00,9.546304732230794,63.653820595332625
2024-01-05 22:00:00,7.974857413342388,60.07136533918217
2024-01-05 22:30:00,11.359619991118498,55.23030290301678
2024-01-05 23:00:00,11.750023084206378,57.9648184353661
2024-01-05 23:30:00,14.547171412595688,63.431592284783505
2024-01-06 00:00:00,14.20747926156725,60.529472265576175
2024-01-06 00:30:00,16.190525480733612,62.92206490236242
2024-01-06 01:00:00,18.093177730005667,69.88220292257742
2024-01-06 01:30:00,19.692589517821027,52.17879194144474
2024-01-06 02:00:00,18.79970359294421,68.08606287484312
2024-01-06 02:30:00,20.753113054246246,60.52177968761607
2024-01-06 03:00:00,21.596122500704492,55.50607975838436
2024-01-06 03:30:00,22.280204170338642,53.34843187130505
2024-01-06 04:00:00,25.425708278125473,59.054398046114834
2024-01-06 04:30:00,24.643777036073804,64.60825055962229
2024-01-06 05:00:00,23.398374308555635,59.36225439811233
2024-01-06 05:30:00,25.832310560792884,67.55577465123673
2024-01-06 06:00:00,27.122156197012632,52.744121549742204
2024-01-06 06:30:00,25.946913874289255,59.93955526076973
2024-01-06 07:00:00,23.139888296936665,53.73803277793441
2024-01-06 07:30:00,23.75456125224662,61.81815941312484
2024-01-06 08:00:00,24.927165187031026,64.4344369504865
2024-01-06 08:30:00,22.225863937293568,57.89619103159473
2024-01-06 09:00:00,22.514887240011717,46.978930716864326
2024-01-06 09:30:00,21.862248343516583,60.994740733982475
2024-01-06 10:00:00,19.073069528421925,62.18369275866755
2024-01-06 10:30:00,18.76730896758913,62.02147377480849
2024-01-06 11:00:00,14.34692311095613,66.17891095911077
2024-01-06 11:30:00,15.280874280866247,54.644731601754756
2024-01-06 12:00:00,14.74743184860682,63.40108052725225
2024-01-06 12:30:00,12.44695489583464,65.96253756238987
2024-01-06 13:00:00,14.044220852906461,51.10706207996742
2024-01-06 13:30:00,9.743024298388463,61.59825912959489
2024-01-06 14:00:00,9.559955513303034,57.47910084496164
2024-01-06 14:30:00,9.043126287198923,59.592386634491774
2024-01-06 15:00:00,9.370205477200644,61.73838241769168
2024-01-06 15:30:00,5.630604445908229,57.56385717943224
2024-01-06 16:00:00,7.502909714310569,56.62145960419194
2024-01-06 16:30:00,5.771437735906726,60.170762087440124
2024-01-06 17:00:00,4.35923308606136,54.563770305685985
2024-01-06 17:30:00,5.547654860525166,54.57087435557408
2024-01-06 18:00:00,5.19905969557347,63.396866414782515
2024-01-06 18:30:00,4.485334509103103,54.25602982420672
2024-01-06 19:00:00,5.4105438220993305,63.331562504546056
2024-01-06 19:30:00,5.375891078025354,62.31295646426975
2024-01-06 20:00:00,6.453263307406859,51.37096635604702
2024-01-06 20:30:00,7.728597271608676,56.61217673832172
2024-01-06 21:00:00,9.514949004279835,65.97054701523686
2024-01-06 21:30:00,7.674570211085932,55.09417234430159
2024-01-06 22:00:00,12.13303337465629,57.67797868845306
2024-01-06 22:30:00,9.221077876826598,62.31030446625948
2024-01-06 23:00:00,12.260024453939181,63.91695254641298
2024-01-06 23:30:00,14.283055284284075,58.74230556977752
2024-01-07 00:00:00,15.280991867735018,57.012449026541795
2024-01-07 00:30:00,15.682562402379878,67.11184930849254
2024-01-07 01:00:00,17.38006820066793,68.6944983189879
2024-01-07 01:30:00,18.333833388992037,64.89429025390898
2024-01-07 02:00:00,19.41063524305574,60.42659071282512
2024-01-07 02:30:00,21.93721638710822,55.95867139179537
2024-01-07 03:00:00,22.428083297830543,55.847777967217176
2024-01-07 03:30:00,22.240623807651698,62.61257052632879
2024-01-07 04:00:00,24.559853913277625,62.091991104443416
2024-01-07 04:30:00,24.546094845989483,67.00799296473215
2024-01-07 05:00:00,25.472120381729642,63.25225046268069
2024-01-07 05:30:00,25.54407745566171,52.48459849120091
2024-01-07 06:00:00,24.17100498907793,65.2597380886146
2024-01-07 06:30:00,24.35426757354114,55.00969686342793
2024-01-07 07:00:00,25.406551868013956,58.08014364023824
2024-01-07 07:30:00,24.849165590546335,61.251001031258475
2024-01-07 08:00:00,23.63935244388026,69.97833744891982
2024-01-07 08:30:00,23.050860786221133,75.5495927800268
2024-01-07 09:00:00,23.34873270765392,63.03361529568092
2024-01-07 09:30:00,20.49604290125136,59.08401690639806
2024-01-07 10:00:00,20.547097381170044,62.67252824240275
2024-01-07 10:30:00,18.624641671217038,64.43827712936918
2024-01-07 11:00:00,17.370509247797983,58.39666187221404
2024-01-07 11:30:00,17.40403877418773,68.97605677956162
2024-01-07 12:00:00,15.825416348988082,61.15035379595701
2024-01-07 12:30:00,14.508247713800131,62.48871544545697
2024-01-07 13:00:00,13.717288356129156,63.329621260272305
2024-01-07 13:30:00,11.194169517981855,62.10793305307228
2024-01-07 14:00:00,10.681952971294981,64.19470250234806
2024-01-07 14:30:00,8.60211895331932,56.91373406726538
2024-01-07 15:00:00,8.253098540622972,57.20849123026985
2024-01-07 15:30:00,6.936323542719984,54.49922883514152
2024-01-07 16:00:00,6.4367419271483275,62.19750615310113
2024-01-07 16:30:00,6.3563617003240545,63.89468251756057
2024-01-07 17:00:00,4.522521053875857,62.28886433075943
2024-01-07 17:30:00,7.177938661947357,68.37246216673769
2024-01-07 18:00:00,3.993982618500298,59.972019905854765
2024-01-07 18:30:00,3.871362773474155,63.34370827796256
2024-01-07 19:00:00,6.498852610609379,54.541495619303426
2024-01-07 19:30:00,6.552867368850077,58.06450148762799
2024-01-07 20:00:00,6.9638657792077305,63.47768878782889
2024-01-07 20:30:00,7.694812106351908,64.24551055371572
2024-01-07 21:00:00,7.916685415287567,58.53016526167909
2024-01-07 21:30:00,8.015131338426949,59.64200374070967
2024-01-07 22:00:00,10.075804558193747,52.410631266595956
2024-01-07 22:30:00,10.496003964836987,58.214853995966955
2024-01-07 23:00:00,13.38692928239258,64.45191581759893
2024-01-07 23:30:00,13.547680696297286,62.876025080532834
2024-01-08 00:00:00,14.17450280320747,62.503328606906045
2024-01-08 00:30:00,15.983876080547478,60.248868435904804
2024-01-08 01:00:00,18.00112190530083,60.03531579314088
2024-01-08 01:30:00,18.263109770846896,56.698394302632764
2024-01-08 02:00:00,19.177779604433578,63.49414210101267
2024-01-08 02:30:00,21.331301501579052,62.104864721946946
2024-01-08 03:00:00,22.316034382974166,62.46009423996399
2024-01-08 03:30:00,22.42659022754122,57.3698257866621
2024-01-08 04:00:00,23.18921573222605,49.23328540064378
2024-01-08 04:30:00,24.47084526247051,65.48576355876848
2024-01-08 05:00:00,23.211173921393357,57.60581271995798
2024-01-08 05:30:00,23.506984839361554,55.686121179784394
2024-01-08 06:00:00,24.281555778747563,63.46739455956997
2024-01-08 06:30:00,24.701001462026262,58.039936800404355
2024-01-08 07:00:00,24.9701658284887,65.29968192023311
2024-01-08 07:30:00,25.714151542062428,63.08502974788349
2024-01-08 08:00:00,24.517913661046425,63.417846616002386
2024-01-08 08:30:00,22.773594872948923,53.17022144399733
2024-01-08 09:00:00,22.052051603962756,66.059719926932
2024-01-08 09:30:00,20.08508492544944,61.30625265616928
2024-01-08 10:00:00,19.98148686400762,58.15361430376898
2024-01-08 10:30:00,18.538175684730795,60.716942336711256
2024-01-08 11:00:00,17.910909011363294,51.1188238355084
2024-01-08 11:30:00,15.47803097864822,62.043264057403356
2024-01-08 12:00:00,15.519346514241155,54.85314245908964
2024-01-08 12:30:00,15.227476990802142,53.23664857078233
2024-01-08 13:00:00,12.303049400517972,52.38820406891055
2024-01-08 13:30:00,11.57487739844804,65.56344187494963
2024-01-08 14:00:00,10.690143991711134,56.85368303153606
2024-01-08 14:30:00,8.511165238026944,67.6686385495825
2024-01-08 15:00:00,8.153024669944948,57.32099268473851
2024-01-08 15:30:00,7.079058997869423,51.463210212035264
2024-01-08 16:00:00,6.4374220607044785,54.4173778002567
2024-01-08 16:30:00,4.988194891031674,66.1790581000347
2024-01-08 17:00:00,5.365251911368272,59.22050911031666
2024-01-08 17:30:00,5.583549677507348,57.258563517546996
2024-01-08 18:00:00,6.451143607795042,60.80009112926394
2024-01-08 18:30:00,6.0448222123471025,62.50891368083772
2024-01-08 19:00:00,7.493924194620886,65.58699407951231
2024-01-08 19:30:00,4.9938571119990645,67.24249614946463
2024-01-08 20:00:00,7.212066598876287,58.20115677105457
2024-01-08 20:30:00,7.249808602825979,53.36976156958981
2024-01-08 21:00:00,10.118735121352202,57.93267419438362
2024-01-08 21:30:00,8.104087424557624,61.30140253291443
2024-01-08 22:00:00,9.160278157819242,55.18120536894695
2024-01-08 22:30:00,10.57377303090501,55.21424542552479
2024-01-08 23:00:00,10.287913824664951,61.718939407749424
2024-01-08 23:30:00,13.16898305611866,59.75673824214775
2024-01-09 00:00:00,14.240867338446282,60.163984977057936
2024-01-09 00:30:00,16.455655708676748,56.207523326499654
2024-01-09 01:00:00,17.92994642680236,58.847996428971165
2024-01-09 01:30:00,20.703005162866816,55.37883427865848
2024-01-09 02:00:00,20.950423838185998,64.45099205562393
2024-01-09 02:30:00,20.51071063442479,65.17624667361876
2024-01-09 03:00:00,21.172653140517085,50.76906068880953
2024-01-09 03:30:00,23.425452574418856,55.35244569903795
2024-01-09 04:00:00,22.34002083082373,52.51735372454961
2024-01-09 04:30:00,26.070254090967225,56.749880327965506
2024-01-09 05:00:00,25.83869838361195,59.58281015104819
2024-01-09 05:30:00,24.445272961633393,52.75177390150735
2024-01-09 06:00:00,23.286865470909124,55.390700934373434
2024-01-09 06:30:00,26.26832098790352,54.98021313959251
2024-01-09 07:00:00,24.544718417638062,61.03633664699472
2024-01-09 07:30:00,25.476611637086336,60.34672168518125
2024-01-09 08:00:00,22.06582637905001,56.391312233313734
2024-01-09 08:30:00,22.334158379958623,60.88410436069699
2024-01-09 09:00:00,22.07631151158368,57.26659957706367
2024-01-09 09:30:00,21.134594883851996,58.641724448369736
2024-01-09 10:00:00,19.54993452852077,68.36726045149268
2024-01-09 10:30:00,19.449684255998434,66.70230525895174
2024-01-09 11:00:00,16.520570021642612,53.50209381536201
2024-01-09 11:30:00,16.162882437179178,64.14866208939587
2024-01-09 12:00:00,15.120295631711956,64.05698277245796
2024-01-09 12:30:00,14.209176911858247,54.25868355623691
2024-01-09 13:00:00,13.123424427063723,64.09388821877431
2024-01-09 13:30:00,10.048523584511232,67.68965959206277
2024-01-09 14:00:00,8.465885829264401,54.38727596877793
2024-01-09 14:30:00,10.190062531811291,55.41248589492868
2024-01-09 15:00:00,8.261246200114174,65.08830733421752
2024-01-09 15:30:00,6.317980060531119,61.35747655412824
2024-01-09 16:00:00,7.890897937678134,62.757381376197614
2024-01-09 16:30:00,5.876879309180001,61.702946082002484
2024-01-09 17:00:00,6.520038921173138,61.95347960464072
2024-01-09 17:30:00,5.153069867672007,53.367639358444585
2024-01-09 18:00:00,7.060747924881987,65.23658853310724
2024-01-09 18:30:00,6.8408922287050915,65.84794996213887
2024-01-09 19:00:00,5.091777588630238,58.853046279659864
2024-01-09 19:30:00,6.732775625841468,59.78261525093069
2024-01-09 20:00:00,6.985121911740757,52.34446248722139
2024-01-09 20:30:00,8.435098154619974,62.57127378008917
2024-01-09 21:00:00,6.9640087275544245,62.86028720857072
2024-01-09 21:30:00,9.598437169911271,59.68904491500344
2024-01-09 22:00:00,11.058424486849542,65.62176679935251
2024-01-09 22:30:00,9.414426189925981,58.3296138451003
2024-01-09 23:00:00,11.228551036308982,62.823029629468
2024-01-09 23:30:00,11.65550590003939,54.901678306539424
2024-01-10 00:00:00,14.73059316555542,59.88223924562881
2024-01-10 00:30:00,17.0228041779965,59.12822871048582
2024-01-10 01:00:00,19.090547503121158,61.12653961020471
2024-01-10 01:30:00,18.900929104070638,58.152365355833204
2024-01-10 02:00:00,21.628615545571236,59.342637021641664
2024-01-10 02:30:00,19.707512831872297,64.13023585720754
2024-01-10 03:00:00,20.367685372510334,57.81617881380891
2024-01-10 03:30:00,22.87798570401573,51.96711449630661
2024-01-10 04:00:00,24.04431948678371,68.7479195210271
2024-01-10 04:30:00,24.206100577018752,66.90727039345244
2024-01-10 05:00:00,22.5918161628508,53.538686524471906
2024-01-10 05:30:00,24.82532857422531,63.44853902622597
2024-01-10 06:00:00,23.695530499495145,57.485126147243285
2024-01-10 06:30:00,25.58412116256815,61.3174360766553
2024-01-10 07:00:00,25.02585650898753,61.471120645067465
2024-01-10 07:30:00,23.298915538785547,58.82796099841839
2024-01-10 08:00:00,23.14638712050772,56.08117167206802
2024-01-10 08:30:00,21.8743198810234,56.5472947384187
2024-01-10 09:00:00,22.008388714592325,55.41904042259379
2024-01-10 09:30:00,22.042756610588434,55.84088895884778
2024-01-10 10:00:00,19.01427395366447,59.66410854975322
2024-01-10 10:30:00,19.33088083916872,56.42120005444624
2024-01-10 11:00:00,17.057932832652835,63.4102603285631
2024-01-10 11:30:00,15.512389089938203,67.43623077667964
2024-01-10 12:00:00,14.8929696400455,57.09973379314979
2024-01-10 12:30:00,12.659495755380124,61.19702250267689
2024-01-10 13:00:00,11.858160243627653,62.49842555151467
2024-01-10 13:30:00,9.975287783760255,62.360011354596374
2024-01-10 14:00:00,11.964725132916353,60.37977633958044
2024-01-10 14:30:00,8.94764926188457,63.71341209179861
2024-01-10 15:00:00,7.2292066801419494,62.41124476340329
2024-01-10 15:30:00,7.280446507821898,53.81168788836351
2024-01-10 16:00:00,6.227417912464785,64.34578032194636
2024-01-10 16:30:00,5.54023507535392,64.4364541863337
2024-01-10 17:00:00,5.9549084371527385,56.18356947910709
2024-01-10 17:30:00,5.8430590963092115,60.18968917723801
2024-01-10 18:00:00,4.4694988523894725,63.416644964055344
2024-01-10 18:30:00,4.509733145617207,58.95343090210319
2024-01-10 19:00:00,5.065690039957666,65.36489023883006
2024-01-10 19:30:00,3.4592835101515527,71.8193624730968
2024-01-10 20:00:00,4.8245548999570556,56.07006983682509
2024-01-10 20:30:00,8.433340864532193,53.094776984231125
2024-01-10 21:00:00,9.57389990163576,61.51909297802438
2024-01-10 21:30:00,8.663349670356395,63.60781252563072
2024-01-10 22:00:00,10.57655696305572,58.845668130776154
2024-01-10 22:30:00,11.48441583089263,67.26630331660517
2024-01-10 23:00:00,15.490690357429994,53.30697100138376
2024-01-10 23:30:00,14.814312989234065,63.46459311515805
2024-01-11 00:00:00,14.872082408519137,56.970695896205534
2024-01-11 00:30:00,15.349721481600039,68.59688953103648
2024-01-11 01:00:00,15.981744130767627,69.9625767658406
2024-01-11 01:30:00,19.030297959518087,56.16671706108326
2024-01-11 02:00:00,19.2436492547157,57.2522143204571
2024-01-11 02:30:00,19.665360580489516,64.297939434899
2024-01-11 03:00:00,21.424494927622963,58.064346751052426
2024-01-11 03:30:00,21.85198539929791,59.77294391033881
2024-01-11 04:00:00,25.34739567291693,60.12694210271205
2024-01-11 04:30:00,25.120435082062293,50.40163421901172
2024-01-11 05:00:00,24.65128562157406,59.93081126952881
2024-01-11 05:30:00,26.394392752628136,56.55136112967913
2024-01-11 06:00:00,25.077368307647617,57.53438588800114
2024-01-11 06:30:00,24.053164412409846,67.21816001734408
2024-01-11 07:00:00,26.182382340160338,53.71746552860372
2024-01-11 07:30:00,24.777705368797506,64.06602593373988
2024-01-11 08:00:00,22.623007883517953,58.60518534834096
2024-01-11 08:30:00,22.743194724828744,58.60119915752083
2024-01-11 09:00:00,21.195449558480792,63.951859480258555
2024-01-11 09:30:00,19.70481455912292,61.70025647284445
2024-01-11 10:00:00,20.92617754753166,62.85306498609766
2024-01-11 10:30:00,20.736250964121005,64.84092330266431
2024-01-11 11:00:00,16.189622877206002,58.34345808408339
2024-01-11 11:30:00,16.86823115889112,56.93881632746125
2024-01-11 12:00:00,14.349357430878163,54.57424736721101
2024-01-11 12:30:00,13.207612694034877,55.87294735010522
2024-01-11 13:00:00,11.819415624735967,74.74547212654363
2024-01-11 13:30:00,10.30917490666929,66.22339790368393
2024-01-11 14:00:00,10.048521627944792,53.24462816895989
2024-01-11 14:30:00,8.081435593501801,53.38771021628215
2024-01-11 15:00:00,8.199389013914375,62.40933030859246
2024-01-11 15:30:00,7.016228487638583,62.736323986889836
2024-01-11 16:00:00,6.10079791528924,62.744419176586824
2024-01-11 16:30:00,4.853641012845545,58.72522103223151
2024-01-11 17:00:00,4.763970406540981,59.3727286999855
2024-01-11 17:30:00,5.840942612087645,61.639397620796785
2024-01-11 18:00:00,5.500917187624381,60.429465031466655
2024-01-11 18:30:00,4.107996141463345,48.90349813626233
2024-01-11 19:00:00,5.440074042538516,58.85100184712403
2024-01-11 19:30:00,6.5125917982588994,55.74296782869843
2024-01-11 20:00:00,4.670340681034234,60.87605709454256
2024-01-11 20:30:00,7.6098267894676,74.92629501301705
2024-01-11 21:00:00,7.266308429188628,61.83740832737152
2024-01-11 21:30:00,9.48298437850593,58.432351569138014
2024-01-11 22:00:00,9.236740843457495,64.60900750988625
2024-01-11 22:30:00,9.368283575684504,62.41343943604606
2024-01-11 23:00:00,10.784267111091589,62.100472452259204
2024-01-11 23:30:00,13.742823024460867,63.034252966078355
2024-01-12 00:00:00,15.259722501721527,70.28271782414771
2024-01-12 00:30:00,15.400945297096053,54.34555782337042
2024-01-12 01:00:00,18.22678290980257,62.36816038405727
2024-01-12 01:30:00,17.165314261381834,55.368094350092306
2024-01-12 02:00:00,19.933920201352624,62.77756323171124
2024-01-12 02:30:00,19.876598090324727,55.406567442569525
2024-01-12 03:00:00,21.419231704063332,57.913165931974575
2024-01-12 03:30:00,22.980932074228804,58.52455042881047
2024-01-12 04:00:00,22.799840672560414,64.87908359672355
2024-01-12 04:30:00,23.85423978088304,64.59227221971207
2024-01-12 05:00:00,25.6655510721051,53.77141311776808
2024-01-12 05:30:00,24.337556744214947,60.27467055499925
2024-01-12 06:00:00,25.835692112065143,56.45210072625414
2024-01-12 06:30:00,23.784741759080482,53.70747544662333
2024-01-12 07:00:00,25.18906244080598,58.91491474787815
2024-01-12 07:30:00,25.680363945770775,58.4575860577209
2024-01-12 08:00:00,21.188609537717085,72.13358243172762
2024-01-12 08:30:00,22.136638147441925,62.16479912680348
2024-01-12 09:00:00,22.64813993904604,53.11191249622881
2024-01-12 09:30:00,20.884568904044208,57.17612997914529
2024-01-12 10:00:00,20.371145873371265,65.106916477147
2024-01-12 10:30:00,18.22284913693512,70.44221386434963
2024-01-12 11:00:00,17.674780238498112,52.07008343881021
2024-01-12 11:30:00,16.14958468680854,50.60037807430477
2024-01-12 12:00:00,16.16778206165987,69.35482587685891
2024-01-12 12:30:00,13.949158921100718,61.94807088685452
2024-01-12 13:00:00,12.749412211049973,55.65853634061817
2024-01-12 13:30:00,10.761288710226575,62.67314543061217
2024-01-12 14:00:00,9.512393775927537,46.82126130491561
2024-01-12 14:30:00,8.479827522093165,60.0168775329858
2024-01-12 15:00:00,8.323384330512885,61.63910586421542
2024-01-12 15:30:00,6.645482116267415,64.62135069768915
2024-01-12 16:00:00,6.629520819052029,54.93052023853731
2024-01-12 16:30:00,7.836605473532557,60.4284358070168
2024-01-12 17:00:00,6.2118664405410255,55.37287686970206
2024-01-12 17:30:00,4.759527854094056,61.27691877837159
2024-01-12 18:00:00,6.201213922163944,55.52326838818488
2024-01-12 18:30:00,4.6774760132403355,57.959495804198895
2024-01-12 19:00:00,3.3026172019314544,55.020923026048855
2024-01-12 19:30:00,4.753118363969733,63.255681209118286
2024-01-12 20:00:00,4.468954041129786,64.29225558328332
2024-01-12 20:30:00,6.714953113046311,58.82689715021293
2024-01-12 21:00:00,7.947350567324074,60.19118997480014
2024-01-12 21:30:00,10.588823022187997,52.75704292683228
2024-01-12 22:00:00,10.32692737376411,58.50161675996606
2024-01-12 22:30:00,10.954065147540224,59.74897691479128
2024-01-12 23:00:00,13.241215130158308,73.10396545514988
2024-01-12 23:30:00,11.483602768791528,54.440164871129184
2024-01-13 00:00:00,15.235614558108535,67.32088619376219
2024-01-13 00:30:00,17.076127116087495,64.98429386732904
2024-01-13 01:00:00,16.109604205245283,61.40318202245068
2024-01-13 01:30:00,19.970588366857786,68.79310242097567
2024-01-13 02:00:00,20.338496407494414,61.860527363034315
2024-01-13 02:30:00,20.672326376186437,61.945795978339646
2024-01-13 03:00:00,22.70384967797172,59.73439673491227
2024-01-13 03:30:00,25.20422626071674,66.11784441209313
2024-01-13 04:00:00,23.842120292902827,65.48234616905442
2024-01-13 04:30:00,24.487015911413174,56.87161356251894
2024-01-13 05:00:00,24.19989736335043,53.40376402700616
2024-01-13 05:30:00,24.064604244273315,58.98509681302171
2024-01-13 06:00:00,25.830335816544245,55.999807178011764
2024-01-13 06:30:00,24.05836478782924,59.68237712692322
2024-01-13 07:00:00,24.730824500110074,66.1871906734207
2024-01-13 07:30:00,23.761137878347785,57.71349172456605
2024-01-13 08:00:00,24.139233863590807,59.78588309344212
2024-01-13 08:30:00,23.267195508199308,60.290113674041976
2024-01-13 09:00:00,23.108607756123355,64.24215441102642
2024-01-13 09:30:00,20.57759789123251,48.765553330076976
2024-01-13 10:00:00,19.73012506470665,56.96649852617352
2024-01-13 10:30:00,17.848070607868706,61.056418461397364
2024-01-13 11:00:00,17.143897190949172,66.00039478213431
2024-01-13 11:30:00,16.682562415245407,57.54048776246898
2024-01-13 12:00:00,15.756988616645346,50.617236469790626
2024-01-13 12:30:00,12.772572753621812,63.09855722983068
2024-01-13 13:00:00,13.281415469080503,56.82318805587185
2024-01-13 13:30:00,12.528803535154061,54.0516667045482
2024-01-13 14:00:00,10.413434903223793,56.87827305143388
2024-01-13 14:30:00,10.78918152247091,59.077373211720754
2024-01-13 15:00:00,7.155142989030967,56.97627667730894
2024-01-13 15:30:00,5.8218118937762195,48.97216971450465
2024-01-13 16:00:00,4.561025713251375,64.48533098443566
2024-01-13 16:30:00,7.25724898637633,66.37437520639361
2024-01-13 17:00:00,5.995107393463373,63.25760995669753
2024-01-13 17:30:00,5.029966715351454,54.311571647875915
2024-01-13 18:00:00,5.27996862631982,58.99254233026241
2024-01-13 18:30:00,3.9600623389635174,59.96739342385271
2024-01-13 19:00:00,7.786493716726152,62.99397194780955
2024-01-13 19:30:00,5.890425856862334,63.34170244359041
2024-01-13 20:00:00,6.449140756760497,56.329131006107524
2024-01-13 20:30:00,7.792233220986268,60.4099777820678
2024-01-13 21:00:00,8.409941419871185,62.28640202307621
2024-01-13 21:30:00,9.136269734191899,67.27911161073384
2024-01-13 22:00:00,9.209525544554696,63.522532699123616
2024-01-13 22:30:00,11.644634033485145,63.945283436877595
2024-01-13 23:00:00,14.293834045449781,60.4191331396468
2024-01-13 23:30:00,15.040158123954457,67.05229572601752
2024-01-14 00:00:00,16.593186626639294,62.04881397979749
2024-01-14 00:30:00,15.794046245769273,55.69456044913215
2024-01-14 01:00:00,16.59858563076661,67.01684985062596
2024-01-14 01:30:00,18.70104740355127,63.48951636269514
2024-01-14 02:00:00,20.055724912288632,57.78477989435759
2024-01-14 02:30:00,22.18180580855813,57.602535163003786
2024-01-14 03:00:00,20.378603182150663,61.48287772570381
2024-01-14 03:30:00,24.46308372237291,62.31592397633792
2024-01-14 04:00:00,23.502246139265374,60.98646132815603
2024-01-14 04:30:00,23.811914255165448,61.556543367214424
2024-01-14 05:00:00,23.647153887630527,68.4997868728819
2024-01-14 05:30:00,23.259591941872326,65.35771576117443
2024-01-14 06:00:00,25.823170583961915,60.95317795632512
2024-01-14 06:30:00,24.987766580926525,64.70655290383742
2024-01-14 07:00:00,23.36929736314965,54.837380482362306
2024-01-14 07:30:00,22.943716553049263,61.98963524973404
2024-01-14 08:00:00,23.324469338554252,69.04653174866556
2024-01-14 08:30:00,24.60255492820171,58.909770523038134
2024-01-14 09:00:00,21.8114764605019,55.761830356904575
2024-01-14 09:30:00,19.5844713369691,56.7395555570347
2024-01-14 10:00:00,19.754256935914142,54.55183481328806
2024-01-14 10:30:00,18.554110753903277,56.076190459361484
2024-01-14 11:00:00,14.891303808083649,58.14745950704985
2024-01-14 11:30:00,16.250967055682676,52.97216490410679
2024-01-14 12:00:00,14.769065469791391,60.07809166974801
2024-01-14 12:30:00,14.390944442612929,64.51138586893323
2024-01-14 13:00:00,14.260765643920259,55.4612190992654
2024-01-14 13:30:00,12.299730705896936,67.59641961820884
2024-01-14 14:00:00,9.731111309445204,62.55396044263797
2024-01-14 14:30:00,7.80585980117112,65.15290292812028
2024-01-14 15:00:00,10.502291991384354,56.71082723073931
2024-01-14 15:30:00,7.125685031102169,64.27262613533308
2024-01-14 16:00:00,6.353675254068635,54.54033049802344
2024-01-14 16:30:00,5.737079587777116,64.45123750418254
2024-01-14 17:00:00,5.5388264978771895,60.85919669896766
2024-01-14 17:30:00,4.941190974337955,62.76625609992392
2024-01-14 18:00:00,4.4263379931197635,54.12202697187574
2024-01-14 18:30:00,4.538692445021512,55.524650788616974
2024-01-14 19:00:00,5.30798846689331,62.98614109126692
2024-01-14 19:30:00,5.217779903753316,55.258259978878996
2024-01-14 20:00:00,5.626900179478475,62.316031460495616
2024-01-14 20:30:00,7.1728968247795155,53.16431096769877
2024-01-14 21:00:00,7.673954970713665,64.24087106333334
2024-01-14 21:30:00,10.416378698495397,53.83738342615746
2024-01-14 22:00:00,7.3490301916070555,62.76149968839761
2024-01-14 22:30:00,12.264672528271545,63.12815466823
2024-01-14 23:00:00,13.657894741472306,56.516140907852126
2024-01-14 23:30:00,11.621347845391258,62.91013283542363
2024-01-15 00:00:00,14.657312405919617,61.30221131666778
2024-01-15 00:30:00,15.933821056204733,57.30579071903631
2024-01-15 01:00:00,16.180678756307298,54.95722657961896
2024-01-15 01:30:00,18.04901763606011,50.1868715416371
2024-01-15 02:00:00,18.88942415453417,61.74825023649847
2024-01-15 02:30:00,22.839884733510747,52.175986143189725
2024-01-15 03:00:00,23.006746205012895,60.47672099720654
2024-01-15 03:30:00,24.205088497906498,58.68275891958876
2024-01-15 04:00:00,24.381926101887633,63.39571387719098
2024-01-15 04:30:00,23.109743553895612,58.48977250255068
2024-01-15 05:00:00,24.134737996610866,58.35276106826454
2024-01-15 05:30:00,25.403823174966025,63.659353521441474
2024-01-15 06:00:00,23.777872191108056,61.67529014542059
2024-01-15 06:30:00,25.627447043910497,61.58077978591389
2024-01-15 07:00:00,24.418932864732547,62.346337949042635
2024-01-15 07:30:00,23.863974517563257,52.32213938396447
2024-01-15 08:00:00,24.371214006047907,63.78394339993491
2024-01-15 08:30:00,23.37779671439849,63.062343970068014
2024-01-15 09:00:00,21.71010164604638,54.916584357117515
2024-01-15 09:30:00,22.246944093451514,58.779597631628995
2024-01-15 10:00:00,18.91893667240013,59.80346356186185
2024-01-15 10:30:00,19.44276993059528,59.32751607799133
2024-01-15 11:00:00,18.181291708993538,61.669299832842675
2024-01-15 11:30:00,15.995715482886567,67.15683390915592
2024-01-15 12:00:00,15.32613302224226,65.40883363836414
2024-01-15 12:30:00,12.44362450141414,53.43890403284297
2024-01-15 13:00:00,13.33583656818175,63.110349951530246
2024-01-15 13:30:00,10.988263539906125,66.64466659767704
2024-01-15 14:00:00,9.477276979481058,61.93404260344602
2024-01-15 14:30:00,9.961394935749624,65.45490212592983
2024-01-15 15:00:00,7.224588497591784,70.06135222850382
2024-01-15 15:30:00,5.658005300724166,65.11854773053491
2024-01-15 16:00:00,4.783116788631752,61.246542978208645
2024-01-15 16:30:00,6.367214626232788,65.22544237042376
2024-01-15 17:00:00,4.0603123846130345,60.724439165484455
2024-01-15 17:30:00,6.840345568246273,60.11951521642478
2024-01-15 18:00:00,2.918070592116278,58.242928821431335
2024-01-15 18:30:00,6.782007754551932,67.81706679416054
2024-01-15 19:00:00,5.5517592043119075,55.907856670289995
2024-01-15 19:30:00,5.664491563016715,67.66183862339058
2024-01-15 20:00:00,5.7948268753466525,62.49932061870186
2024-01-15 20:30:00,7.465602711439731,53.00346912599029
2024-01-15 21:00:00,7.891297485709619,61.83824646495711
2024-01-15 21:30:00,10.015687591929398,49.49986746174188
2024-01-15 22:00:00,10.114227648662043,63.12754008415518
2024-01-15 22:30:00,11.323467437810892,64.42615741494495
2024-01-15 23:00:00,12.048197336760888,57.038220221739735
2024-01-15 23:30:00,13.63779245407841,60.61773847977791
2024-01-16 00:00:00,15.307801768892093,69.77078716875143
2024-01-16 00:30:00,14.595093529543826,57.47126647869032
2024-01-16 01:00:00,16.240005028919335,54.705462064717
2024-01-16 01:30:00,19.570098417673634,67.40831701231299
2024-01-16 02:00:00,20.170865438127873,69.81293595265397
2024-01-16 02:30:00,20.9036309537345,60.01847835923924
2024-01-16 03:00:00,22.089501744930875,65.05731517704179
2024-01-16 03:30:00,23.28111510827405,66.70737957765441
2024-01-16 04:00:00,23.120494357534998,56.28757883730808
2024-01-16 04:30:00,23.4604905997105,57.57347082316066
2024-01-16 05:00:00,24.855103517988372,66.15437256577367
2024-01-16 05:30:00,23.936075836123063,68.42507139354255
2024-01-16 06:00:00,25.40825275571447,62.81440430087177
2024-01-16 06:30:00,23.21186500950028,55.60092823248973
2024-01-16 07:00:00,25.68841390021631,69.9353055584972
2024-01-16 07:30:00,24.711392807525925,57.34514551094018
2024-01-16 08:00:00,23.91628377215833,58.32431109414274
2024-01-16 08:30:00,23.91622438685783,61.71168917244811
2024-01-16 09:00:00,23.736542256328086,67.77080210357387
2024-01-16 09:30:00,22.10198435510534,64.26987988276112
2024-01-16 10:00:00,18.159125768668442,62.07432750180955
2024-01-16 10:30:00,17.54725735691512,62.31644265059053
2024-01-16 11:00:00,16.963371873329546,60.21757334321733
2024-01-16 11:30:00,16.331352972411466,62.790697572592535
2024-01-16 12:00:00,15.517659020469196,47.352199611528484
2024-01-16 12:30:00,12.968994264646048,58.51696270465101
2024-01-16 13:00:00,12.598576313451858,61.2066096745839
2024-01-16 13:30:00,10.41778274399586,54.24492958190247
2024-01-16 14:00:00,9.388482197007967,61.931616589057796
2024-01-16 14:30:00,7.505724613064571,58.97764389506939
2024-01-16 15:00:00,7.005698942023692,68.77737849157745
2024-01-16 15:30:00,5.714781991471351,67.86509862607429
2024-01-16 16:00:00,5.363872709178289,57.670972154409185
2024-01-16 16:30:00,6.8148464714949615,59.24581144216652
2024-01-16 17:00:00,4.391342848277394,59.63026217195804
2024-01-16 17:30:00,7.717933451099309,57.74170261920189
2024-01-16 18:00:00,5.493317900880889,60.97512492014064
2024-01-16 18:30:00,5.270387509956759,56.20858965556205
2024-01-16 19:00:00,4.482383956928093,54.34692332531237
2024-01-16 19:30:00,6.461514554296124,63.11355611950134
2024-01-16 20:00:00,5.764108135917862,63.147647921109055
2024-01-16 20:30:00,7.188476411732976,55.97842120170004
2024-01-16 21:00:00,10.48901672640321,64.476777153813
2024-01-16 21:30:00,8.816325810188168,56.84211135417334
2024-01-16 22:00:00,11.149273326285616,61.265826190189905
2024-01-16 22:30:00,10.469989251223192,64.10172006306227
2024-01-16 23:00:00,12.37682105847771,59.83193717648143
2024-01-16 23:30:00,15.465538713435054,62.273704560705674
2024-01-17 00:00:00,14.373032942212193,57.41785178056214
2024-01-17 00:30:00,18.11771048019731,59.01766708285951
2024-01-17 01:00:00,18.29594238648073,58.9707028455983
2024-01-17 01:30:00,18.26436754775658,56.26710826729881
2024-01-17 02:00:00,20.632407739055513,59.11612918442109
2024-01-17 02:30:00,22.060168739713852,52.25690850568127
2024-01-17 03:00:00,22.692877774082724,57.54423126428948
2024-01-17 03:30:00,21.36330868302188,58.575622533151645
2024-01-17 04:00:00,22.933116862019457,58.7191012375231
2024-01-17 04:30:00,23.991276689561335,58.792512770646105
2024-01-17 05:00:00,24.584824833790627,59.69117900069936
2024-01-17 05:30:00,25.535120711288783,62.39720759043032
2024-01-17 06:00:00,25.177701000933254,64.37258537066262
2024-01-17 06:30:00,23.57910425502799,56.751173865758666
2024-01-17 07:00:00,25.039456113896648,53.98399572305428
2024-01-17 07:30:00,24.849381070396735,54.78977793878448
2024-01-17 08:00:00,24.220044485775457,57.563985394025366
2024-01-17 08:30:00,24.014314128466985,58.240393410917456
2024-01-17 09:00:00,22.904989966414366,56.150019669012714
2024-01-17 09:30:00,21.546794369315702,53.51941667875053
2024-01-17 10:00:00,19.929834288541507,57.71939586262906
2024-01-17 10:30:00,17.165873390134898,60.90713310056986
2024-01-17 11:00:00,18.01780867015788,62.97514732917782
2024-01-17 11:30:00,16.512949609363677,57.21288473445839
2024-01-17 12:00:00,15.27157883719538,57.93501088928283
2024-01-17 12:30:00,12.417989501979136,55.366508455763444
2024-01-17 13:00:00,11.330753008566589,59.84280414812612
2024-01-17 13:30:00,12.226318529682153,55.75785682904593
2024-01-17 14:00:00,9.960444846143323,62.865639066206
2024-01-17 14:30:00,9.59388640728548,51.070667540329445
2024-01-17 15:00:00,7.957250564265009,58.20185163773769
2024-01-17 15:30:00,7.096222736583474,61.50553669595871
2024-01-17 16:00:00,-25.0,60.91917258161252
2024-01-17 16:30:00,5.2451599466697765,73.46516831990249
2024-01-17 17:00:00,5.436862514050338,61.74900012283954
2024-01-17 17:30:00,4.6232760975568485,54.97972701578995
2024-01-17 18:00:00,4.565503772567684,59.522678764554634
2024-01-17 18:30:00,4.776379262793255,51.11876833266774
2024-01-17 19:00:00,5.562875508743,59.5970012535162
2024-01-17 19:30:00,5.282456053223681,55.834719714996204
2024-01-17 20:00:00,7.59550208772912,64.57695137780081
2024-01-17 20:30:00,6.171859294868066,57.25229862702233
2024-01-17 21:00:00,7.742060543973105,59.416170421023764
2024-01-17 21:30:00,8.472654651638585,56.822210792977984
2024-01-17 22:00:00,11.446977884353732,68.69425675926665
2024-01-17 22:30:00,11.369720452860586,58.39378616941044
2024-01-17 23:00:00,13.44365408844351,69.162785217396
2024-01-17 23:30:00,12.2091777047625,64.07075881059133
2024-01-18 00:00:00,15.267050265869146,62.41033363667693
2024-01-18 00:30:00,17.194892717823883,61.843665736587596
2024-01-18 01:00:00,17.670474440300605,61.96898649108126
2024-01-18 01:30:00,19.892314698716266,50.361637103271946
2024-01-18 02:00:00,19.482711549899555,58.60558302924622
2024-01-18 02:30:00,22.49696173027264,64.2257898559216
2024-01-18 03:00:00,24.369965935484725,59.755514082629475
2024-01-18 03:30:00,22.570694842472633,52.97405076598213
2024-01-18 04:00:00,23.214751516443588,59.73797774711265
2024-01-18 04:30:00,25.692179802230562,68.52052758127746
2024-01-18 05:00:00,26.238830408621403,66.23445857767359
2024-01-18 05:30:00,24.391588586584827,59.68997995316984
2024-01-18 06:00:00,24.579813182904143,64.75724638529043
2024-01-18 06:30:00,24.632664004877594,58.16746489815974
2024-01-18 07:00:00,23.314807751856424,51.480642065866405
2024-01-18 07:30:00,23.320143378628686,55.377670059352226
2024-01-18 08:00:00,22.656113271092313,67.81444384254098
2024-01-18 08:30:00,22.165735837808196,58.63003459085348
2024-01-18 09:00:00,22.03638292447873,58.78308010312491
2024-01-18 09:30:00,21.32182902262385,58.500809018625596
2024-01-18 10:00:00,21.55050049281405,69.52068294786504
2024-01-18 10:30:00,17.828480282912167,68.12979457681031
2024-01-18 11:00:00,18.572512849501813,71.09390116724067
2024-01-18 11:30:00,16.091273077975128,59.20477394799974
2024-01-18 12:00:00,14.950536290347504,61.47812244373547
2024-01-18 12:30:00,14.369557569966123,52.41678725289604
2024-01-18 13:00:00,11.289087527412624,67.38467213059137
2024-01-18 13:30:00,11.555575422533106,54.16110224366032
2024-01-18 14:00:00,10.166452208213098,61.08387781881314
2024-01-18 14:30:00,9.404836973920949,54.51348736183578
2024-01-18 15:00:00,8.218100832042417,57.05566586630652
2024-01-18 15:30:00,9.521766736998494,55.8136878447515
2024-01-18 16:00:00,5.7020059779043075,56.960623696620914
2024-01-18 16:30:00,5.23020771988536,57.304386484255105
2024-01-18 17:00:00,4.717601210684572,57.25865602537461
2024-01-18 17:30:00,4.5300742671016465,64.16666955890153
2024-01-18 18:00:00,4.362612872693482,54.4756860346874
2024-01-18 18:30:00,6.274567917369435,61.10270713506934
2024-01-18 19:00:00,6.761245985099197,66.0897957615278
2024-01-18 19:30:00,5.190458381137656,57.43401817743302
2024-01-18 20:00:00,5.5073903890513325,56.41040554626199
2024-01-18 20:30:00,7.5378821534740155,58.84737687409874
2024-01-18 21:00:00,7.376709143853541,65.89862604180355
2024-01-18 21:30:00,9.545317527668326,60.970538154766786
2024-01-18 22:00:00,10.202923020851236,57.34392852696201
2024-01-18 22:30:00,9.657421561351711,62.4193832559402
2024-01-18 23:00:00,13.959314750304866,54.48853925081788
2024-01-18 23:30:00,15.49061575089492,63.40679755221474
2024-01-19 00:00:00,14.38721130951557,62.04303653850884
2024-01-19 00:30:00,15.917560362264531,58.46095764430558
2024-01-19 01:00:00,17.874055841750152,55.807071007763845
2024-01-19 01:30:00,19.16129111363787,55.56659538858271
2024-01-19 02:00:00,20.658544272672696,62.67408668172955
2024-01-19 02:30:00,23.09781882885358,66.14490251244531
2024-01-19 03:00:00,21.894120584371375,56.81346126485602
2024-01-19 03:30:00,22.135236158373882,62.29193351775742
2024-01-19 04:00:00,22.280934809829798,49.564864906989655
2024-01-19 04:30:00,23.50786528517097,57.076911346714
2024-01-19 05:00:00,24.626131290016875,59.84470533564549
2024-01-19 05:30:00,26.709006477255876,55.45158291509083
2024-01-19 06:00:00,24.482388700963828,55.31746812605202
2024-01-19 06:30:00,25.138236565377007,56.66110221765557
2024-01-19 07:00:00,24.642835366817938,61.460963641631864
2024-01-19 07:30:00,25.427188598560996,59.063354907968126
2024-01-19 08:00:00,26.18718646371797,48.808843833375136
2024-01-19 08:30:00,22.402664629992046,49.39649923682467
2024-01-19 09:00:00,21.581628369347342,56.965674110714126
2024-01-19 09:30:00,22.13177516715634,62.28843293026776
2024-01-19 10:00:00,20.68189148962635,46.26247578637383
2024-01-19 10:30:00,20.673541649386927,57.501349119241844
2024-01-19 11:00:00,18.172118636351264,57.3687607174129
2024-01-19 11:30:00,15.945969831413366,66.94168889104223
2024-01-19 12:00:00,15.59065483069232,58.07489094143568
2024-01-19 12:30:00,14.8034416583825,61.914944923704645
2024-01-19 13:00:00,13.232291730172221,60.70628570043731
2024-01-19 13:30:00,11.68043970745642,49.347167600964
2024-01-19 14:00:00,11.066674689589137,63.841036083158684
2024-01-19 14:30:00,10.08168130035853,61.07698252728144
2024-01-19 15:00:00,9.311091179172177,62.54134319837295
2024-01-19 15:30:00,7.715176484677288,79.63118853218162
2024-01-19 16:00:00,6.172627881838805,49.57943530250706
2024-01-19 16:30:00,5.907918361320474,68.62348324880554
2024-01-19 17:00:00,6.547250703617676,58.562762402998224
2024-01-19 17:30:00,4.268615715274656,61.436644522015044
2024-01-19 18:00:00,5.368673308872901,59.77243877349379
2024-01-19 18:30:00,4.692212573934514,57.87881833300978
2024-01-19 19:00:00,5.36948656004414,57.150835358806205
2024-01-19 19:30:00,7.039656537494401,61.647543677865045
2024-01-19 20:00:00,6.5308450301755,52.4141315166416
2024-01-19 20:30:00,7.112903145243716,63.752895837608826
2024-01-19 21:00:00,6.569076047154642,57.91902797557373
2024-01-19 21:30:00,9.658639275939976,54.34965330479821
2024-01-19 22:00:00,10.645484181140947,57.749935710020935
2024-01-19 22:30:00,13.336420399654598,66.28574608431286
2024-01-19 23:00:00,12.104031314021734,57.323324564918885
2024-01-19 23:30:00,13.913888405463405,61.7922680910481
2024-01-20 00:00:00,15.249383683710638,56.34521862142263
2024-01-20 00:30:00,17.882715201964057,63.789609249618096
2024-01-20 01:00:00,17.492894918638225,63.42753869395102
2024-01-20 01:30:00,19.105855849421115,69.24304416648206
2024-01-20 02:00:00,20.60789650971646,59.122180272503925
2024-01-20 02:30:00,21.27422341324353,63.34327402378953
2024-01-20 03:00:00,21.624634197314947,60.49033769769472
2024-01-20 03:30:00,23.1276233958106,66.47935890931507
2024-01-20 04:00:00,24.7338857877042,56.405838061956345
2024-01-20 04:30:00,23.2122800257018,63.725026564386404
2024-01-20 05:00:00,24.792227937037527,59.02651351941659
2024-01-20 05:30:00,24.214327798798923,59.67905911445751
2024-01-20 06:00:00,26.195046628924842,60.45876242224186
2024-01-20 06:30:00,23.391261708954328,61.261201982133386
2024-01-20 07:00:00,24.100336415619118,59.418854784390206
2024-01-20 07:30:00,24.61600720017746,61.07356591585263
2024-01-20 08:00:00,25.225778067078725,67.89059028781092
2024-01-20 08:30:00,22.86778314183942,64.9272484280761
2024-01-20 09:00:00,21.515868285172317,64.34577296248449
2024-01-20 09:30:00,22.968771359527807,57.722302369880644
2024-01-20 10:00:00,18.551986099583733,55.55379585885838
2024-01-20 10:30:00,16.628028367030883,64.77650279118876
2024-01-20 11:00:00,18.028204901078706,64.38023396264897
2024-01-20 11:30:00,15.80320769784789,67.36335337875491
2024-01-20 12:00:00,13.97876718286937,56.98009687015385
2024-01-20 12:30:00,14.403094525098878,58.852256723198266
2024-01-20 13:00:00,12.655610262746126,51.80257918737283
2024-01-20 13:30:00,10.609087045612332,58.037644469695636
2024-01-20 14:00:00,8.719695601329152,64.98285255289724
2024-01-20 14:30:00,9.78484303819306,57.66752310385901
2024-01-20 15:00:00,8.579133366093163,63.20239897600412
2024-01-20 15:30:00,6.967290733308307,59.04748447001094
2024-01-20 16:00:00,8.186382958203293,61.6202851411078
2024-01-20 16:30:00,4.691119908561026,54.26154305092166
2024-01-20 17:00:00,3.8152165661845623,60.4260472481695
2024-01-20 17:30:00,4.393643316380657,45.044320145496386
2024-01-20 18:00:00,4.9544139836445025,59.06551920919008
2024-01-20 18:30:00,5.328890835584575,51.8476337814243
2024-01-20 19:00:00,5.099505679252973,66.02997258273408
2024-01-20 19:30:00,6.113260071401426,63.88703676382256
2024-01-20 20:00:00,5.088206537965116,62.333354909830405
2024-01-20 20:30:00,8.510231201160954,67.6050311357969
2024-01-20 21:00:00,7.84678100974194,55.25541739587581
2024-01-20 21:30:00,10.029681541500825,68.73681598957779
2024-01-20 22:00:00,10.342725346377637,64.66095782130192
2024-01-20 22:30:00,11.629918895502852,58.81722356390527
2024-01-20 23:00:00,12.981576829207004,65.67810073591473
2024-01-20 23:30:00,14.142446637816708,54.46853243794183
2024-01-21 00:00:00,15.642722759867352,55.87742919236163
2024-01-21 00:30:00,17.634414452332944,56.9570513838015
2024-01-21 01:00:00,17.784711620726576,57.355111459679925
2024-01-21 01:30:00,19.53583808123935,54.71721178619874
2024-01-21 02:00:00,19.910264305712754,66.11541533547663
2024-01-21 02:30:00,22.527731505536696,58.70572799815084
2024-01-21 03:00:00,21.394675509806152,61.7625248417844
2024-01-21 03:30:00,24.734473835823064,57.1482431679316
2024-01-21 04:00:00,23.620096087200046,50.896983497257416
2024-01-21 04:30:00,22.808020222994784,61.35028679195711
2024-01-21 05:00:00,24.78736267780146,50.43872512290112
2024-01-21 05:30:00,24.23339695626322,59.65682976957266
2024-01-21 06:00:00,25.840643548988723,53.15842480583595
2024-01-21 06:30:00,24.26182463443572,69.93637999615405
2024-01-21 07:00:00,24.213074829675943,64.5568136108736
2024-01-21 07:30:00,22.349254594167327,60.5287689563574
2024-01-21 08:00:00,23.20794771859535,66.31853338827334
2024-01-21 08:30:00,20.509654076283415,55.76842011267132
2024-01-21 09:00:00,20.487164988379845,62.71739689335047
2024-01-21 09:30:00,21.848028946231572,60.999052168593565
2024-01-21 10:00:00,20.78580015865087,61.32010040666835
2024-01-21 10:30:00,19.252291885435863,66.36176750053384
2024-01-21 11:00:00,16.621214307895954,63.66246051389901
2024-01-21 11:30:00,16.257550566058452,61.44361831412512
2024-01-21 12:00:00,14.996397460909588,51.72556281885852
2024-01-21 12:30:00,12.536373388607053,55.199768523602685
2024-01-21 13:00:00,13.915207850742012,59.38645533202138
2024-01-21 13:30:00,12.0505279669248,60.46686187138326
2024-01-21 14:00:00,9.779035826170324,54.34898137663038
2024-01-21 14:30:00,8.939271548907504,72.05838337789211
2024-01-21 15:00:00,8.137314996082006,67.58197027626787
2024-01-21 15:30:00,5.024731728663443,63.01059160196242
2024-01-21 16:00:00,6.092568579635065,60.360184306418724
2024-01-21 16:30:00,5.079220426889355,58.938955150494245
2024-01-21 17:00:00,4.339121727214405,55.24040769988882
2024-01-21 17:30:00,4.8044510933759375,60.38740259259431
2024-01-21 18:00:00,6.797686526849523,61.288762700713754
2024-01-21 18:30:00,5.72639424752892,53.79119712259188
2024-01-21 19:00:00,4.769562747326488,61.67088208622449
2024-01-21 19:30:00,6.333787456243261,59.223704755876255
2024-01-21 20:00:00,7.739101398741595,50.46096221061305
2024-01-21 20:30:00,7.99110028000042,55.698074946102494
2024-01-21 21:00:00,7.988562558054731,57.93197233289178
2024-01-21 21:30:00,8.265448932207065,69.43843828670096
2024-01-21 22:00:00,10.698223313613704,62.78276562266879
2024-01-21 22:30:00,11.56665106177075,53.32259215450054
2024-01-21 23:00:00,13.30700276900246,62.43018144708819
2024-01-21 23:30:00,14.32990987948143,52.26348005530817
2024-01-22 00:00:00,16.049552715319354,65.41345526943536
2024-01-22 00:30:00,15.77002671064001,57.64437674091061
2024-01-22 01:00:00,18.90558451665936,59.531819056304144
2024-01-22 01:30:00,19.02443392834317,66.62898323771095
2024-01-22 02:00:00,22.075260872625183,53.56418215707875
2024-01-22 02:30:00,20.3984264719976,53.014409074435044
2024-01-22 03:00:00,23.807031615030716,57.08200336826997
2024-01-22 03:30:00,23.13144418637502,65.19189425509659
2024-01-22 04:00:00,23.008836034229976,52.40326962261579
2024-01-22 04:30:00,23.75490949105848,45.839222009447155
2024-01-22 05:00:00,24.33891095469633,57.744205707955004
2024-01-22 05:30:00,25.338614560140012,62.758703999554605
2024-01-22 06:00:00,25.5228354880355,66.00130874869414
2024-01-22 06:30:00,24.340748609799522,57.68419318957301
2024-01-22 07:00:00,24.63490367062976,57.94286696441999
2024-01-22 07:30:00,26.381065683724696,65.76950367127874
2024-01-22 08:00:00,25.387797207945173,50.6512915015229
2024-01-22 08:30:00,23.36985707258645,58.05739612408495
2024-01-22 09:00:00,22.109071290033718,60.952119449625286
2024-01-22 09:30:00,21.207645616805483,62.24609360642517
2024-01-22 10:00:00,20.613517972730396,57.450966534045584
2024-01-22 10:30:00,17.804041758452694,60.17220505852921
2024-01-22 11:00:00,17.33081391360176,47.55836323293505
2024-01-22 11:30:00,14.636677848323057,56.708757938330756
2024-01-22 12:00:00,15.399223122605369,62.26754356277234
2024-01-22 12:30:00,14.34193401750227,55.0885298287266
2024-01-22 13:00:00,11.92862308667542,60.294921107947985
2024-01-22 13:30:00,12.747152439639098,62.23436250401349
2024-01-22 14:00:00,8.774234336997832,58.287253995711175
2024-01-22 14:30:00,7.448010829702874,60.852318854982855
2024-01-22 15:00:00,8.153384006694578,55.18633717357694
2024-01-22 15:30:00,8.113564899699847,58.966943601519766
2024-01-22 16:00:00,8.023673653613498,63.05108084794611
2024-01-22 16:30:00,5.302320412018187,60.78486480484217
2024-01-22 17:00:00,6.419422570540599,57.06734365218032
2024-01-22 17:30:00,5.047042916761212,61.121082021453965
2024-01-22 18:00:00,4.82737270005918,63.57304895318309
2024-01-22 18:30:00,5.969211323748556,49.75029360711261
2024-01-22 19:00:00,5.993064615522723,65.79537032477948
2024-01-22 19:30:00,4.184812517902877,58.31872630659464
2024-01-22 20:00:00,7.816286311881525,62.12744966620115
2024-01-22 20:30:00,8.446557951235144,65.98623461822613
2024-01-22 21:00:00,7.303369486624876,53.14163151384767
2024-01-22 21:30:00,9.308189243350103,56.45279498786227
2024-01-22 22:00:00,10.494030186282668,58.55725652062148
2024-01-22 22:30:00,11.433839442172971,56.08123239437786
2024-01-22 23:00:00,11.861504395129375,68.67468287918405
2024-01-22 23:30:00,13.023114709861195,55.71613953086604
2024-01-23 00:00:00,14.974445929008644,57.22226610256567
2024-01-23 00:30:00,17.47799094145973,61.02194515801489
2024-01-23 01:00:00,18.131790605619535,53.98925236961956
2024-01-23 01:30:00,18.45621999156473,58.02159644121868
2024-01-23 02:00:00,20.771698710648323,61.587266306250875
2024-01-23 02:30:00,18.239071669457147,58.335697978087445
2024-01-23 03:00:00,23.21983351223742,59.533065705500256
2024-01-23 03:30:00,21.193819624134317,57.353339437758144
2024-01-23 04:00:00,23.297813096441185,52.427648454096165
2024-01-23 04:30:00,23.11912543048669,61.60796605669619
2024-01-23 05:00:00,23.364576787169764,68.7746653582362
2024-01-23 05:30:00,26.07527540111662,60.09200815391719
2024-01-23 06:00:00,24.53229879868811,61.126320586237746
2024-01-23 06:30:00,25.260952495468846,63.4636137755843
2024-01-23 07:00:00,24.612337684011468,53.6533475172665
2024-01-23 07:30:00,24.715836152336035,68.51257329064802
2024-01-23 08:00:00,23.73707592890468,61.01164398211401
2024-01-23 08:30:00,21.650541178723806,68.15928449544555
2024-01-23 09:00:00,23.067334631312608,56.334835022380055
2024-01-23 09:30:00,20.593857706925853,69.09030961278913
2024-01-23 10:00:00,18.443418101340413,63.875777470173915
2024-01-23 10:30:00,18.398719162685122,62.76520042926179
2024-01-23 11:00:00,19.08895024165962,61.17012227176574
2024-01-23 11:30:00,17.155483664314072,58.75735690962775
2024-01-23 12:00:00,14.651347865592161,66.00265829236936
2024-01-23 12:30:00,13.345480373481031,60.70179934924023
2024-01-23 13:00:00,12.090174497757346,50.16465148206424
2024-01-23 13:30:00,13.249913659910105,54.414067691464986
2024-01-23 14:00:00,10.381935452231668,59.07077123903626
2024-01-23 14:30:00,9.342427357103935,61.549994915827774
2024-01-23 15:00:00,8.959215642166399,59.717057555500524
2024-01-23 15:30:00,7.305255756114164,66.09485394896832
2024-01-23 16:00:00,6.08070381633489,50.24449067980687
2024-01-23 16:30:00,5.564854825802122,60.7179396825258
2024-01-23 17:00:00,5.269140477695294,50.91010387306423
2024-01-23 17:30:00,5.048329149752068,63.79856147742084
2024-01-23 18:00:00,5.72762954363698,59.52770642778999
2024-01-23 18:30:00,5.137497272069192,62.09804986012059
2024-01-23 19:00:00,6.0733818143249,55.68058519705117
2024-01-23 19:30:00,5.680488094778463,66.39732465828875
2024-01-23 20:00:00,6.418381152471753,65.20862332029425
2024-01-23 20:30:00,5.068265912555454,62.91772151505944
2024-01-23 21:00:00,8.845259862836937,59.3524137656828
2024-01-23 21:30:00,9.25887418581074,62.89928642647566
2024-01-23 22:00:00,10.99801010985964,56.465537160063256
2024-01-23 22:30:00,8.276910298155439,64.27777829510356
2024-01-23 23:00:00,14.500184253755315,68.2474044716196
2024-01-23 23:30:00,13.555148449644424,65.35305279989593
2024-01-24 00:00:00,16.10818281673739,56.351987650962954
2024-01-24 00:30:00,15.265355995074902,61.807086586365514
2024-01-24 01:00:00,18.200964356087738,53.53429228120676
2024-01-24 01:30:00,17.773418760477245,62.86195155587838
2024-01-24 02:00:00,19.37623103930423,62.253017064312694
2024-01-24 02:30:00,23.001645643953836,50.65091830233918
2024-01-24 03:00:00,21.88038541110222,54.191080780438185
2024-01-24 03:30:00,23.150966276092007,58.58430551628116
2024-01-24 04:00:00,24.530321768533106,58.49570126429587
2024-01-24 04:30:00,24.734477213085462,53.95261532290597
2024-01-24 05:00:00,24.809677168034266,61.94489364676092
2024-01-24 05:30:00,25.279409616204333,61.25736804470256
2024-01-24 06:00:00,27.403415585238275,59.0286543401074
2024-01-24 06:30:00,24.85682981670454,56.22104249920819
2024-01-24 07:00:00,24.86035730960568,65.24353563208282
2024-01-24 07:30:00,25.2894497211205,68.27703556544148
2024-01-24 08:00:00,24.765779970802374,57.58219258076731
2024-01-24 08:30:00,24.120563708472712,56.9391654142259
2024-01-24 09:00:00,22.709798033894607,62.45603832705998
2024-01-24 09:30:00,19.944609377356855,58.20985310126507
2024-01-24 10:00:00,21.633431532301202,59.30301399668383
2024-01-24 10:30:00,17.680488930632283,63.69826575862336
2024-01-24 11:00:00,17.890825916264273,50.45321956246354
2024-01-24 11:30:00,15.550986072181153,66.59151162426335
2024-01-24 12:00:00,14.935861653407242,60.363402621646706
2024-01-24 12:30:00,14.023500488102874,57.9425342771891
2024-01-24 13:00:00,12.73316676442521,59.55382922889275
2024-01-24 13:30:00,11.595086430584484,59.81214677510259
2024-01-24 14:00:00,11.613711269058703,51.343993482775375
2024-01-24 14:30:00,9.36592001142679,67.47469113726618
2024-01-24 15:00:00,7.6847755528438615,60.206628161353095
2024-01-24 15:30:00,8.030553765376139,62.21501065223688
2024-01-24 16:00:00,7.5292164510802,64.75774885287021
2024-01-24 16:30:00,4.533596859750191,54.8941877121985
2024-01-24 17:00:00,5.938141806959198,62.367359495176146
2024-01-24 17:30:00,5.7867241285728,58.661794545506034
2024-01-24 18:00:00,4.702436496640008,64.23385387608246
2024-01-24 18:30:00,6.461258199573521,49.36386289824252
2024-01-24 19:00:00,5.190686150076739,59.504528498793654
2024-01-24 19:30:00,5.886781128358721,56.985896721080195
2024-01-24 20:00:00,6.166674137871686,62.16131475317078
2024-01-24 20:30:00,7.08204564466907,62.35022093684101
2024-01-24 21:00:00,6.832657101239301,56.46187052588987
2024-01-24 21:30:00,7.472334827318509,56.439130679119785
2024-01-24 22:00:00,11.594505063225018,59.446673157213354
2024-01-24 22:30:00,10.326204328030602,55.51678886342396
2024-01-24 23:00:00,11.420417199518345,64.20991847726063
2024-01-24 23:30:00,11.541347964195669,58.15396399776277
2024-01-25 00:00:00,14.36103825231044,45.46505890339179
2024-01-25 00:30:00,14.982172128793003,58.12588971689097
2024-01-25 01:00:00,19.230205611161605,54.80728089578014
2024-01-25 01:30:00,19.836651412993596,51.84362092269527
2024-01-25 02:00:00,19.311849654822126,53.81286680888714
2024-01-25 02:30:00,23.340050095431412,60.54704235916485
2024-01-25 03:00:00,23.05283329885701,66.64320414124116
2024-01-25 03:30:00,22.6087020194037,61.5659223693249
2024-01-25 04:00:00,21.160848322970814,56.9674830589213
2024-01-25 04:30:00,26.529737897703516,62.279520975853515
2024-01-25 05:00:00,23.26968579612711,57.704548448905044
2024-01-25 05:30:00,23.26904986678119,56.52699815418428
2024-01-25 06:00:00,26.02257043200964,54.22818665883508
2024-01-25 06:30:00,27.354201020077387,51.240855966241405
2024-01-25 07:00:00,26.043531081401206,58.050381467202776
2024-01-25 07:30:00,24.80270444516522,60.79026744960066
2024-01-25 08:00:00,24.255008379509785,59.51688164992555
2024-01-25 08:30:00,23.786948961692598,57.920165360263205
2024-01-25 09:00:00,22.82999640165234,55.27126969651609
2024-01-25 09:30:00,21.36880571405666,63.04123095842484
2024-01-25 10:00:00,20.104201103951922,53.41434040026708
2024-01-25 10:30:00,18.764241195751385,63.88013956921738
2024-01-25 11:00:00,16.8342258621585,54.98891490536638
2024-01-25 11:30:00,16.02458684533395,56.237823813234826
2024-01-25 12:00:00,13.307043185804497,52.666074046921615
2024-01-25 12:30:00,13.596398451004855,57.492989265571815
2024-01-25 13:00:00,11.423218441823954,64.87656229238989
2024-01-25 13:30:00,10.069576359133366,62.578140442219784
2024-01-25 14:00:00,10.179894151153475,64.89211056014018
2024-01-25 14:30:00,10.304387996257354,62.61071272966968
2024-01-25 15:00:00,8.847248794136975,54.48165085734816
2024-01-25 15:30:00,5.495965993464563,58.34605387836221
2024-01-25 16:00:00,5.35011782558533,56.099004354412685
2024-01-25 16:30:00,6.701975862875373,66.6528745201952
2024-01-25 17:00:00,4.358254343571013,54.01605676786844
2024-01-25 17:30:00,4.860918236264868,64.46848844694556
2024-01-25 18:00:00,5.550052099024552,64.46476935054385
2024-01-25 18:30:00,4.117206931398238,69.14810100858044
2024-01-25 19:00:00,5.446117243255244,57.951567036852516
2024-01-25 19:30:00,4.427179179968892,63.56161079790081
2024-01-25 20:00:00,5.738378318204376,71.40825918269421
2024-01-25 20:30:00,7.386248531230182,56.911791615331516
2024-01-25 21:00:00,6.335938454602681,52.324798762338204
2024-01-25 21:30:00,9.352860447873256,50.599949830461185
2024-01-25 22:00:00,9.980362201073179,63.563560144306656
2024-01-25 22:30:00,11.72565563076614,50.58424895970708
2024-01-25 23:00:00,12.635723683039382,58.13840473531039
2024-01-25 23:30:00,15.058878507773295,62.18656593519481
2024-01-26 00:00:00,15.125224502647917,60.92587768414957
2024-01-26 00:30:00,15.875856381075035,62.12722432092086
2024-01-26 01:00:00,17.710487954057584,61.11144927900427
2024-01-26 01:30:00,19.370132352687154,66.39432906656697
2024-01-26 02:00:00,20.048860070325617,55.23841809630601
2024-01-26 02:30:00,21.128205981291043,56.615024307707344
2024-01-26 03:00:00,21.369076124058704,56.13670277364588
2024-01-26 03:30:00,22.270632485361418,64.15095905931305
2024-01-26 04:00:00,22.257648766044586,64.50199294197532
2024-01-26 04:30:00,25.98837206829985,62.25612659659254
2024-01-26 05:00:00,23.415395027499365,65.91746833444964
2024-01-26 05:30:00,24.221543415942186,54.1097956631181
2024-01-26 06:00:00,24.281592734430802,68.33612055775569
2024-01-26 06:30:00,25.809372990682544,67.61619310856129
2024-01-26 07:00:00,24.364308584598646,63.67810998622873
2024-01-26 07:30:00,25.48653739778668,68.9089945438553
2024-01-26 08:00:00,22.9867634136006,51.71688396161113
2024-01-26 08:30:00,23.212527565136224,57.37775931868674
2024-01-26 09:00:00,21.23572075860577,56.32348269659024
2024-01-26 09:30:00,23.232763417860617,63.607396618786716
2024-01-26 10:00:00,18.812401580970473,54.749296301989276
2024-01-26 10:30:00,19.13665503387787,63.78747574668743
2024-01-26 11:00:00,18.221967331957483,66.85268071998357
2024-01-26 11:30:00,16.719061019652155,63.47601450042
2024-01-26 12:00:00,14.814712341122389,61.41875511830751
2024-01-26 12:30:00,13.564917378066113,55.06063329549625
2024-01-26 13:00:00,12.455621020953915,55.765745169373176
2024-01-26 13:30:00,11.026163674720586,66.24809452648333
2024-01-26 14:00:00,10.963879116794846,63.89674501952666
2024-01-26 14:30:00,11.122908711504278,59.80490240311228
2024-01-26 15:00:00,7.37144040312678,57.91045227117055
2024-01-26 15:30:00,5.696663617508621,49.870960634443115
2024-01-26 16:00:00,6.251463913804377,54.64573790657781
2024-01-26 16:30:00,8.34091401254145,69.55709543569861
2024-01-26 17:00:00,4.5370671691396485,53.597722144987664
2024-01-26 17:30:00,6.724668191705951,60.9473991061054
2024-01-26 18:00:00,6.677700814076441,65.037219865976
2024-01-26 18:30:00,4.531963144553887,53.72538665998854
2024-01-26 19:00:00,5.909724816294577,60.923552373905416
2024-01-26 19:30:00,7.389601298015661,64.68957768755328
2024-01-26 20:00:00,5.960618221168136,60.062496609536254
2024-01-26 20:30:00,6.862886236985151,74.34201527833385
2024-01-26 21:00:00,7.347251274185956,51.65700370560902
2024-01-26 21:30:00,7.897628979219819,65.2936426494194
2024-01-26 22:00:00,9.350722454933912,59.135991313017676
2024-01-26 22:30:00,9.949225409586798,63.85960077418338
2024-01-26 23:00:00,12.445893017234011,62.20653575849623
2024-01-26 23:30:00,12.924764846740878,56.334219014450014
2024-01-27 00:00:00,15.233785911790541,61.144981962296704
2024-01-27 00:30:00,14.749366275997009,50.710492743008565
2024-01-27 01:00:00,17.91907068323955,63.01623750285697
2024-01-27 01:30:00,19.66036328525975,61.490792329952626
2024-01-27 02:00:00,18.006264357428517,63.19330084321551
2024-01-27 02:30:00,21.461670859934785,65.29059162543575
2024-01-27 03:00:00,23.2987368043388,61.83809920104856
2024-01-27 03:30:00,21.72389238422103,60.74044709899138
2024-01-27 04:00:00,25.332826424682015,55.59465831669354
2024-01-27 04:30:00,24.65781433447887,56.43889618175474
2024-01-27 05:00:00,23.95424640713226,65.93367310088665
2024-01-27 05:30:00,24.858679536080395,67.18167702852989
2024-01-27 06:00:00,25.55832691252172,58.80944781843973
2024-01-27 06:30:00,24.990454005150507,60.23001373626637
2024-01-27 07:00:00,25.198014255337096,55.47692812503117
2024-01-27 07:30:00,23.31812173203355,65.86378422633723
2024-01-27 08:00:00,23.82961486188051,63.32708411845889
2024-01-27 08:30:00,21.5198189060074,69.70608718231874
2024-01-27 09:00:00,21.959841750516777,55.608384614101304
2024-01-27 09:30:00,20.18370664862261,58.10996050490891
2024-01-27 10:00:00,19.26447005741016,61.15722961262786
2024-01-27 10:30:00,20.06292749886148,63.23244768862885
2024-01-27 11:00:00,18.679500571619588,58.92166181226184
2024-01-27 11:30:00,16.91440004310776,55.6351945477315
2024-01-27 12:00:00,13.907687235327451,64.40703764461786
2024-01-27 12:30:00,13.37832962810467,63.60567681272791
2024-01-27 13:00:00,13.624907248954196,55.41862949718138
2024-01-27 13:30:00,11.314882589988915,66.77721400552748
2024-01-27 14:00:00,12.319329539981819,65.85099354598302
2024-01-27 14:30:00,9.305703549307244,60.671482486238965
2024-01-27 15:00:00,8.120981304624596,60.39798931188018
2024-01-27 15:30:00,6.757350132885154,62.77028885557954
2024-01-27 16:00:00,6.4732868669378805,55.691484648718706
2024-01-27 16:30:00,5.60873483850667,60.15015739582041
2024-01-27 17:00:00,6.048850413797878,49.2380822769541
2024-01-27 17:30:00,6.042253703056496,64.38227822751467
2024-01-27 18:00:00,4.21401053949205,52.1925338877907
2024-01-27 18:30:00,3.7543184327041126,67.517099142145
2024-01-27 19:00:00,3.5045363640060225,58.34939953016775
2024-01-27 19:30:00,6.269196001799694,58.94166509034412
2024-01-27 20:00:00,5.236379355981642,56.861330469577474
2024-01-27 20:30:00,4.913576004135072,58.55980563038962
2024-01-27 21:00:00,8.317510792665411,67.09265672574018
2024-01-27 21:30:00,11.405385227345532,47.5609567173246
2024-01-27 22:00:00,9.993929088460085,66.38482693044094
2024-01-27 22:30:00,12.011656450800762,61.69011740550854
2024-01-27 23:00:00,12.493638907522417,53.964891760713925
2024-01-27 23:30:00,13.595848424608164,54.62343803475381
2024-01-28 00:00:00,15.919076482987633,68.38196513604102
2024-01-28 00:30:00,16.01498737801177,55.272465600286345
2024-01-28 01:00:00,17.85558276509706,54.233247447020204
2024-01-28 01:30:00,19.148532129846902,65.68657271182364
2024-01-28 02:00:00,19.331909546356734,61.69276438142957
2024-01-28 02:30:00,22.07965663962379,55.310372117318
2024-01-28 03:00:00,21.89610805516995,61.083124877023096
2024-01-28 03:30:00,22.177788243419435,54.87123658179861
2024-01-28 04:00:00,24.19676388141475,65.50410699211302
2024-01-28 04:30:00,23.340327343321817,65.30685482436567
2024-01-28 05:00:00,24.687439420259814,62.66003099410972
2024-01-28 05:30:00,24.90532961709387,61.808305306235084
2024-01-28 06:00:00,26.085895565831578,68.80594062433687
2024-01-28 06:30:00,25.389146846618075,59.99843163694113
2024-01-28 07:00:00,24.634231304145565,54.090629372896
2024-01-28 07:30:00,25.05656162431318,62.24736956416153
2024-01-28 08:00:00,25.05046158686185,70.43023524768557
2024-01-28 08:30:00,23.4913437092642,54.92620253407074
2024-01-28 09:00:00,22.081420431708807,58.19268616653007
2024-01-28 09:30:00,19.775778057737185,62.08223019050726
2024-01-28 10:00:00,18.93488633692474,59.7304757549713
2024-01-28 10:30:00,18.52160961929605,55.08848209811343
2024-01-28 11:00:00,16.978678248865968,65.60928928115236
2024-01-28 11:30:00,16.118290619215074,71.6002036100863
2024-01-28 12:00:00,15.056649924897352,60.980657295119535
2024-01-28 12:30:00,14.224430832156415,55.47965855132
2024-01-28 13:00:00,12.34131077091558,52.255197374732624
2024-01-28 13:30:00,11.659667320175412,61.2898799061059
2024-01-28 14:00:00,10.064474414810185,65.5193867165813
2024-01-28 14:30:00,6.9369191435589475,62.37583873247691
2024-01-28 15:00:00,6.989596794315963,59.98798079540573
2024-01-28 15:30:00,6.922379041366,57.05364174105347
2024-01-28 16:00:00,5.130051219314457,54.539181836409554
2024-01-28 16:30:00,6.361133404883391,64.17375663162441
2024-01-28 17:00:00,6.871492569453041,64.56885810692793
2024-01-28 17:30:00,6.304313237959257,52.27135106654633
2024-01-28 18:00:00,4.786557129069792,67.94919489090341
2024-01-28 18:30:00,6.576277523111852,62.870356104470005
2024-01-28 19:00:00,5.489409194311373,66.99797322572897
2024-01-28 19:30:00,5.424118703769027,53.28936125757443
2024-01-28 20:00:00,5.726343298614752,53.17087922292281
2024-01-28 20:30:00,6.763996910599469,59.255153451163515
2024-01-28 21:00:00,7.540755369593266,62.51392213447597
2024-01-28 21:30:00,9.082801932288282,68.98180411463481
2024-01-28 22:00:00,10.160573981049657,63.53039456907566
2024-01-28 22:30:00,11.176211696502596,58.786593615939836
2024-01-28 23:00:00,12.848747718720993,54.86815396167054
2024-01-28 23:30:00,14.885384352585714,66.15000286359574
2024-01-29 00:00:00,15.949554135441254,55.176472871246425
2024-01-29 00:30:00,14.820363953750306,68.14234277386161
2024-01-29 01:00:00,15.034269316123268,58.57807675196745
2024-01-29 01:30:00,19.761154234890228,67.95291036308925
2024-01-29 02:00:00,18.633121301584424,63.394656450296395
2024-01-29 02:30:00,20.862848888194414,59.31502255278771
2024-01-29 03:00:00,20.900954785806253,57.403018140869364
2024-01-29 03:30:00,21.131552965332297,58.295460613269604
2024-01-29 04:00:00,24.20171676604917,62.14158346187619
2024-01-29 04:30:00,24.99795048541542,60.38578248108858
2024-01-29 05:00:00,24.08274786216391,57.03094295965647
2024-01-29 05:30:00,22.32340632159321,59.171842948411836
2024-01-29 06:00:00,24.453755551747516,60.39288514859575
2024-01-29 06:30:00,25.306252619140665,49.356329527925936
2024-01-29 07:00:00,23.18034669411656,62.29084057394349
2024-01-29 07:30:00,24.42215524489213,55.10139387641597
2024-01-29 08:00:00,23.644944188671364,54.233337983971275
2024-01-29 08:30:00,23.512824902513383,51.56327826444645
2024-01-29 09:00:00,22.190648180279734,51.03053751066055
2024-01-29 09:30:00,20.114545349205734,53.222762484438555
2024-01-29 10:00:00,21.196571501664792,56.45489521184755
2024-01-29 10:30:00,18.668304750623946,69.76629568763283
2024-01-29 11:00:00,17.560885911515253,57.37060162052398
2024-01-29 11:30:00,15.371993963127538,60.88875053134016
2024-01-29 12:00:00,14.556717748808666,62.00240693253164
2024-01-29 12:30:00,12.809935363772434,60.65532593107925
2024-01-29 13:00:00,12.238863489051457,59.61278269637003
2024-01-29 13:30:00,12.88487415649149,54.02353118200378
2024-01-29 14:00:00,8.628098857068647,67.25463774139607
2024-01-29 14:30:00,7.298824312036248,69.03598321818943
2024-01-29 15:00:00,9.400102515628076,51.586706529386575
2024-01-29 15:30:00,6.85714291993588,54.8798570455681
2024-01-29 16:00:00,5.670673223495757,58.60094828811497
2024-01-29 16:30:00,6.801109362283237,55.17731102544904
2024-01-29 17:00:00,4.7351261973725345,62.52982776727933
2024-01-29 17:30:00,6.91156109980883,56.358638987966934
2024-01-29 18:00:00,5.677925871339269,70.82528033903301
2024-01-29 18:30:00,4.5976399781161685,65.95274297171798
2024-01-29 19:00:00,7.498049950374783,61.06287015316107
2024-01-29 19:30:00,5.155489751883865,65.13493131659867
2024-01-29 20:00:00,7.081841334164891,65.52950212178655
2024-01-29 20:30:00,7.36575917749413,57.18026255970879
2024-01-29 21:00:00,9.230673477533141,55.91891377729018
2024-01-29 21:30:00,10.473896906639476,60.39071531484824
2024-01-29 22:00:00,10.032004149065864,64.30818062248972
2024-01-29 22:30:00,10.4197478060028,60.69530199326709
2024-01-29 23:00:00,12.871781691913826,52.11501758904501
2024-01-29 23:30:00,13.017022708047337,55.98587778024579
2024-01-30 00:00:00,17.01338724752634,59.63013568202811
2024-01-30 00:30:00,16.441797253283294,59.62167197837085
2024-01-30 01:00:00,17.22286889971318,69.86271088394903
2024-01-30 01:30:00,19.011514629515663,53.07006028800501
2024-01-30 02:00:00,18.652873710470203,62.527946209179376
2024-01-30 02:30:00,20.116000251576274,67.44556554164144
2024-01-30 03:00:00,23.271481719809884,71.35724872711398
2024-01-30 03:30:00,22.276639123940964,57.978012884080194
2024-01-30 04:00:00,22.613343055162336,62.457147263601
2024-01-30 04:30:00,24.775448077640082,62.84880178599323
2024-01-30 05:00:00,25.844962417553717,60.97740865776645
2024-01-30 05:30:00,25.63340192440316,59.50577399380347
2024-01-30 06:00:00,25.996047685805816,62.17987694750023
2024-01-30 06:30:00,24.157653525168644,47.33876957390157
2024-01-30 07:00:00,23.237447596148904,63.410347450313154
2024-01-30 07:30:00,25.740128977068327,60.630889518309836
2024-01-30 08:00:00,23.337574199002333,58.88762551610867
2024-01-30 08:30:00,22.68270038645738,70.23431097859779
2024-01-30 09:00:00,23.39926195371459,56.62532990604724
2024-01-30 09:30:00,21.643844299488123,57.98462005467485
2024-01-30 10:00:00,20.455887772081603,69.95776651102366
2024-01-30 10:30:00,20.991836668551937,55.839693475750714
2024-01-30 11:00:00,16.944672220645252,57.2494235853173
2024-01-30 11:30:00,17.2331020502819,59.26487288284575
2024-01-30 12:00:00,15.057013124896908,64.20367241064774
2024-01-30 12:30:00,13.963330356662807,61.03901253676657
2024-01-30 13:00:00,13.940277975387346,53.536873264238686
2024-01-30 13:30:00,11.681001432638705,57.339157184364055
2024-01-30 14:00:00,10.538296079049825,56.963227833938944
2024-01-30 14:30:00,9.98489304722251,59.61389477388477
2024-01-30 15:00:00,7.563979458591734,62.129218293149144
2024-01-30 15:30:00,6.227256929748697,62.09102877943986
2024-01-30 16:00:00,5.294936768134606,51.11994122975799
2024-01-30 16:30:00,3.7948480855112425,65.31970493780427
2024-01-30 17:00:00,7.39694886704963,61.262844229983116
2024-01-30 17:30:00,3.982343020540202,66.92266023796952
2024-01-30 18:00:00,4.778746376414228,62.22099163645336
2024-01-30 18:30:00,4.808738086372959,65.50661478867882
2024-01-30 19:00:00,5.648148434918473,62.33272655725064
2024-01-30 19:30:00,6.5769418874264165,66.73112878101374
2024-01-30 20:00:00,7.200219450515363,62.611253180088895
2024-01-30 20:30:00,6.483389158518569,59.51042376778548
2024-01-30 21:00:00,7.76181047434798,71.3621736022344
2024-01-30 21:30:00,9.194965660401204,64.44518561139947
2024-01-30 22:00:00,9.751308873816365,62.868722105022066
2024-01-30 22:30:00,12.78051125236904,53.61847791730832
2024-01-30 23:00:00,12.902784500613027,53.55846191268231
2024-01-30 23:30:00,14.429615863849046,61.46357741070927
2024-01-31 00:00:00,15.662881268667482,60.727605988841205
2024-01-31 00:30:00,17.478735779685948,56.92938717495842
2024-01-31 01:00:00,17.76921200972879,60.7049134980603
2024-01-31 01:30:00,17.53000237569497,67.94313464021798
2024-01-31 02:00:00,20.39968795175236,63.477012372751496
2024-01-31 02:30:00,20.436257396295378,54.29495745123631
2024-01-31 03:00:00,21.542451130115747,59.44245586428528
2024-01-31 03:30:00,23.519897421667324,55.9751675957372
2024-01-31 04:00:00,24.898537109277942,58.06150041795719
2024-01-31 04:30:00,24.260066901848994,57.93192167185179
2024-01-31 05:00:00,24.968091275489627,57.611772086979975
2024-01-31 05:30:00,26.61666355837334,53.72432314013302
2024-01-31 06:00:00,25.240753179488568,59.36172659240905
2024-01-31 06:30:00,27.51613172791853,57.19696181576345
2024-01-31 07:00:00,25.2247679085222,45.35275654998866
2024-01-31 07:30:00,22.478032565957104,70.26486012250831
2024-01-31 08:00:00,24.413595658948967,65.44384827108335
2024-01-31 08:30:00,23.314691787795162,58.11849637537502
2024-01-31 09:00:00,23.36082056594843,60.09409524870299
2024-01-31 09:30:00,21.760795641357138,54.14172826341219
2024-01-31 10:00:00,19.86154401601616,68.47861438905433
2024-01-31 10:30:00,17.60253608736169,69.48644347386556
2024-01-31 11:00:00,17.379167193739303,60.78346864123262
2024-01-31 11:30:00,15.454741467991015,65.11765322092673
2024-01-31 12:00:00,14.419476550195316,60.87643389466962
2024-01-31 12:30:00,14.283316482220089,53.31637280562035
2024-01-31 13:00:00,14.081714053326428,57.940883155181716
2024-01-31 13:30:00,11.567837206172262,60.659639833859785
2024-01-31 14:00:00,8.804116937964702,57.72726140628278
2024-01-31 14:30:00,9.35698837813302,58.90673361282482
2024-01-31 15:00:00,9.125563674780222,59.543002212454425
2024-01-31 15:30:00,6.456683692768281,59.59560751067269
2024-01-31 16:00:00,6.205728795482829,60.26129245248742
2024-01-31 16:30:00,5.775892869616304,54.69697466801699
2024-01-31 17:00:00,4.55584342402705,56.41491925436032
2024-01-31 17:30:00,5.733831820105773,53.57707867150015
2024-01-31 18:00:00,4.8790518513922185,64.889077748431
2024-01-31 18:30:00,5.505083830168879,49.47176529079837
2024-01-31 19:00:00,4.453249559307215,65.76795171658463
2024-01-31 19:30:00,5.323746374563736,66.93174698631421
2024-01-31 20:00:00,7.062127319983283,58.489097065086895
2024-01-31 20:30:00,6.693633444995783,46.98431456086351
2024-01-31 21:00:00,9.655896039368045,58.193447190163546
2024-01-31 21:30:00,8.512749524298131,59.67907919355591
2024-01-31 22:00:00,10.224684725751855,54.947008900355435
2024-01-31 22:30:00,12.105756508222202,57.423908030958785
2024-01-31 23:00:00,10.993443816041536,67.65097599431675
2024-01-31 23:30:00,11.9339292658188,63.324635811508706
2024-02-01 00:00:00,13.474343685429758,55.3771794281095
2024-02-01 00:30:00,17.567846025627595,52.01200415202284
2024-02-01 01:00:00,17.036332305132703,58.36491341195114
2024-02-01 01:30:00,21.38503360931887,58.932716103247806
2024-02-01 02:00:00,19.435752401342633,62.48099593681658
2024-02-01 02:30:00,21.272165593284296,57.323416437161704
2024-02-01 03:00:00,23.61317776443323,62.55749787680931
2024-02-01 03:30:00,24.939626291071395,69.67577020030114
2024-02-01 04:00:00,25.721757614480882,64.07750511222132
2024-02-01 04:30:00,25.447161555705993,59.759557463346134
2024-02-01 05:00:00,25.683320788702144,59.08424764473352
2024-02-01 05:30:00,25.506975562939257,58.21663432910064
2024-02-01 06:00:00,60.0,65.90320456226073
2024-02-01 06:30:00,24.363262897409555,56.863432770243485
2024-02-01 07:00:00,23.841059379468405,60.22611354499991
2024-02-01 07:30:00,24.235420867701944,60.255989509405424
2024-02-01 08:00:00,23.490069415319475,57.49107903594234
2024-02-01 08:30:00,22.48030535358524,53.13767226057949
2024-02-01 09:00:00,22.76745525932215,61.61487251808834
2024-02-01 09:30:00,22.04291949865764,59.69498014072308
2024-02-01 10:00:00,20.08840688629197,62.50120234718285
2024-02-01 10:30:00,20.30436440470625,57.33199846780417
2024-02-01 11:00:00,16.44650133689203,66.10410649406523
2024-02-01 11:30:00,16.11160246292081,55.61613109394078
2024-02-01 12:00:00,14.283177679397165,68.56020142008947
2024-02-01 12:30:00,11.828201460726635,51.26181745085869
2024-02-01 13:00:00,12.329128863132256,62.17385032278445
2024-02-01 13:30:00,11.051418167965673,62.37715341263312
2024-02-01 14:00:00,11.513449743242202,56.02221466029559
2024-02-01 14:30:00,9.543197394467603,62.12196968930506
2024-02-01 15:00:00,6.904745363805318,66.3975933488008
2024-02-01 15:30:00,8.920559163421983,48.91590580322968
2024-02-01 16:00:00,7.560779657680923,62.513724037454075
2024-02-01 16:30:00,6.343302378355807,47.53364589834961
2024-02-01 17:00:00,5.114257638259514,55.17167598238396
2024-02-01 17:30:00,4.126112149538425,68.14583182450473
2024-02-01 18:00:00,4.627793223928947,57.09108983303973
2024-02-01 18:30:00,6.174300005966083,54.13060017795514
2024-02-01 19:00:00,7.225328043043942,59.01031135507659
2024-02-01 19:30:00,7.304448203159254,70.33953169081776
2024-02-01 20:00:00,5.850896540369271,50.84158876396987
2024-02-01 20:30:00,5.946849163798753,54.743450441803276
2024-02-01 21:00:00,8.069818435045693,67.48715841589814
2024-02-01 21:30:00,7.143946344349935,69.28851171768866
2024-02-01 22:00:00,10.323167714184565,59.48284387854858
2024-02-01 22:30:00,11.025563090050243,53.80473648736679
2024-02-01 23:00:00,11.945773047106666,70.4792175090458
2024-02-01 23:30:00,12.100035010532569,67.97221195874599
2024-02-02 00:00:00,15.513600106569639,63.39473493881116
2024-02-02 00:30:00,15.772561082538568,55.9379882553129
2024-02-02 01:00:00,16.41827361531465,59.754853295809816
2024-02-02 01:30:00,15.954572110369293,59.19819959477584
2024-02-02 02:00:00,19.972485094949445,61.65425652307789
2024-02-02 02:30:00,22.859865886756833,67.25500719065668
2024-02-02 03:00:00,23.73232702641327,64.39708520568702
2024-02-02 03:30:00,22.476437146325868,54.61311961507621
2024-02-02 04:00:00,23.058041977482596,66.8824822500977
2024-02-02 04:30:00,24.707569581187897,61.56566070006578
2024-02-02 05:00:00,23.660872823702334,63.43532897929458
2024-02-02 05:30:00,25.216240513557548,67.33270429639302
2024-02-02 06:00:00,25.766080278384692,54.442098752432244
2024-02-02 06:30:00,26.141381837622426,59.82087210646768
2024-02-02 07:00:00,24.559104186410742,57.342727243203925
2024-02-02 07:30:00,24.035121574935904,52.160702873172724
2024-02-02 08:00:00,22.782271451087947,61.7335498880246
2024-02-02 08:30:00,22.10665304887244,72.55778275792211
2024-02-02 09:00:00,21.844588919964064,50.799611277471236
2024-02-02 09:30:00,21.454979796903476,59.838596944752645
2024-02-02 10:00:00,20.913584626233312,63.20271467537387
2024-02-02 10:30:00,18.023655372970843,60.61539100828091
2024-02-02 11:00:00,19.080879019984717,59.434359737421296
2024-02-02 11:30:00,16.034138321157894,53.50391818277088
2024-02-02 12:00:00,14.97863270565175,61.16393371470082
2024-02-02 12:30:00,12.947526398651803,56.21618011492037
2024-02-02 13:00:00,9.987569288701673,49.05039147510723
2024-02-02 13:30:00,12.057211072710205,65.97296110256866
2024-02-02 14:00:00,10.736843897092445,64.79192909921021
2024-02-02 14:30:00,8.631058152794783,60.2583048842554
2024-02-02 15:00:00,7.9959229053595475,61.14537344102851
2024-02-02 15:30:00,7.582405814791679,65.37159006357781
2024-02-02 16:00:00,4.777200105269134,61.12169828389041
2024-02-02 16:30:00,5.2321519975408695,64.52008777380657
2024-02-02 17:00:00,6.135006416731155,58.51258899563075
2024-02-02 17:30:00,3.831261963092684,66.55991869286973
2024-02-02 18:00:00,5.293557932166629,61.60392862966342
2024-02-02 18:30:00,3.7289695816385016,60.97025971802937
2024-02-02 19:00:00,5.8071717195428025,53.64969455643984
2024-02-02 19:30:00,5.725563192589606,61.434779271508546
2024-02-02 20:00:00,4.724614146249928,55.840225412527744
2024-02-02 20:30:00,8.231205951544805,56.80858636735753
2024-02-02 21:00:00,7.194340611336488,55.92312185841939
2024-02-02 21:30:00,8.102133272898236,54.66882534050387
2024-02-02 22:00:00,10.200569197230786,70.62385701508481
2024-02-02 22:30:00,12.321803025777953,66.65669530994202
2024-02-02 23:00:00,11.395987729996303,69.60183751072131
2024-02-02 23:30:00,13.756417927647403,53.88552490222218
2024-02-03 00:00:00,15.428816500330562,60.35626874955446
2024-02-03 00:30:00,16.998367529463412,53.53246187397952
2024-02-03 01:00:00,17.764632006302506,56.52152561401468
2024-02-03 01:30:00,18.45980648456742,55.40936508291713
2024-02-03 02:00:00,19.172409779351174,66.1979200322078
2024-02-03 02:30:00,21.173758173133518,58.0188516094912
2024-02-03 03:00:00,20.998928799879643,65.34189666847008
2024-02-03 03:30:00,20.012182919417747,63.02060444794259
2024-02-03 04:00:00,24.096813842002078,71.51819376052394
2024-02-03 04:30:00,25.142730166198987,52.60277888430138
2024-02-03 05:00:00,22.296325827348806,66.29616619893399
2024-02-03 05:30:00,23.90471790902819,65.73220435200363
2024-02-03 06:00:00,25.619154261005196,55.13310580986483
2024-02-03 06:30:00,26.97194408344981,65.0356666823658
2024-02-03 07:00:00,24.68005197056616,61.68072481513114
2024-02-03 07:30:00,23.510792383883818,58.862618700232964
2024-02-03 08:00:00,23.47735759673949,55.880322565140006
2024-02-03 08:30:00,24.308409822060614,56.40445274275407
2024-02-03 09:00:00,21.425103632741003,70.24906047892964
2024-02-03 09:30:00,20.28842228343699,60.003414094787416
2024-02-03 10:00:00,19.517256477818215,63.910650007657296
2024-02-03 10:30:00,17.873505715392152,56.04550309166223
2024-02-03 11:00:00,17.710860767019927,56.1007352688918
2024-02-03 11:30:00,17.929940380670235,65.40992404624971
2024-02-03 12:00:00,15.323079273116146,53.25211894224234
2024-02-03 12:30:00,13.442384575673552,57.92393116047364
2024-02-03 13:00:00,12.119998280059278,60.17013705536116
2024-02-03 13:30:00,9.609974867652436,60.55686300920026
2024-02-03 14:00:00,10.883109777147357,59.104533574919216
2024-02-03 14:30:00,8.834548512900142,61.97909890547962
2024-02-03 15:00:00,7.748452274543801,63.46427877908906
2024-02-03 15:30:00,10.259574164932571,63.67318772729665
2024-02-03 16:00:00,6.638498870521329,55.07098095666087
2024-02-03 16:30:00,5.009413624791954,58.57922451035601
2024-02-03 17:00:00,4.91438414090384,65.9738143093847
2024-02-03 17:30:00,6.233997095458642,64.47323593786936
2024-02-03 18:00:00,5.113270410537765,53.13570274259468
2024-02-03 18:30:00,3.647273407944513,61.75739950176101
2024-02-03 19:00:00,6.259970671684497,50.10887375312595
2024-02-03 19:30:00,5.093060589348013,60.23467451030185
2024-02-03 20:00:00,8.21304373837316,69.48883508372988
2024-02-03 20:30:00,8.146514662802325,55.26053641365507
2024-02-03 21:00:00,7.481610292475633,55.82838477254209
2024-02-03 21:30:00,10.193402071647782,63.8201489078643
2024-02-03 22:00:00,10.067855510527552,52.28599242395177
2024-02-03 22:30:00,12.025939351471258,56.83622485057481
2024-02-03 23:00:00,12.89654236626924,62.98220568790876
2024-02-03 23:30:00,12.848381422808345,56.82857076155298
2024-02-04 00:00:00,14.356450167682313,58.82015006394514
2024-02-04 00:30:00,17.33522273978178,63.72092855157517
2024-02-04 01:00:00,17.25341511891853,62.10773041768281
2024-02-04 01:30:00,18.42318586040881,61.33409198147701
2024-02-04 02:00:00,19.0448774206506,58.304388603649805
2024-02-04 02:30:00,21.511213355680432,61.85030557634478
2024-02-04 03:00:00,24.133592731108642,59.38133659950122
2024-02-04 03:30:00,21.866000488658123,62.289028049628925
2024-02-04 04:00:00,23.68447349451706,57.51533987441011
2024-02-04 04:30:00,25.651015880528252,59.087155128102296
2024-02-04 05:00:00,24.579616871644873,55.05021103723993
2024-02-04 05:30:00,25.36682040998783,59.824961949968824
2024-02-04 06:00:00,23.93760647185312,55.94499568185577
2024-02-04 06:30:00,25.342755710945784,54.429767749190034
2024-02-04 07:00:00,24.472113997886183,61.29330573927694
2024-02-04 07:30:00,25.22452532079268,61.0636988792883
2024-02-04 08:00:00,24.84764008940919,63.91436867474286
2024-02-04 08:30:00,25.523097044931006,57.84437215212451
2024-02-04 09:00:00,22.650700985079066,62.04026423418378
2024-02-04 09:30:00,21.413410606669583,62.753987861368316
2024-02-04 10:00:00,20.19438430157728,62.223869039157975
2024-02-04 10:30:00,18.473668030840376,55.87173158598929
2024-02-04 11:00:00,17.92667429448703,60.74681741135594
2024-02-04 11:30:00,16.00986051206158,61.82070148027331
2024-02-04 12:00:00,15.168460976269948,60.03589233453971
2024-02-04 12:30:00,15.01233561340745,49.567611708144575
2024-02-04 13:00:00,11.405266983695116,60.8024481198674
2024-02-04 13:30:00,12.313044237478337,71.06265519698621
2024-02-04 14:00:00,11.317115067340005,58.19980365621509
2024-02-04 14:30:00,8.794317182921583,56.3596145107234
2024-02-04 15:00:00,5.807077289125984,61.86674279855699
2024-02-04 15:30:00,6.458644609993236,61.56189105233286
2024-02-04 16:00:00,7.636740508716718,65.96367582708207
2024-02-04 16:30:00,5.738336612588339,53.71065922045556
2024-02-04 17:00:00,4.341439504814382,63.65690126287496
2024-02-04 17:30:00,4.580776465033698,62.95211030625732
2024-02-04 18:00:00,5.840620026504553,59.289267315297266
2024-02-04 18:30:00,5.632284954463268,61.69343658960845
2024-02-04 19:00:00,5.101809637939545,65.14728740799178
2024-02-04 19:30:00,5.394380263072455,64.36157690014225
2024-02-04 20:00:00,5.9479878131118245,54.28490343963136
2024-02-04 20:30:00,6.14405641258904,64.10079093377742
2024-02-04 21:00:00,9.544307877603874,59.67655697483741
2024-02-04 21:30:00,8.59006524070161,60.364370490077576
2024-02-04 22:00:00,11.217158520825459,60.36598495500847
2024-02-04 22:30:00,12.694481728271551,59.2487850560087
2024-02-04 23:00:00,13.410120447122518,65.95853748553533
2024-02-04 23:30:00,13.263117765081239,59.58141020075394
2024-02-05 00:00:00,15.403730090336737,54.402269358084155
2024-02-05 00:30:00,16.281066315809486,58.032350720151356
2024-02-05 01:00:00,16.68448859029501,60.89347358405238
2024-02-05 01:30:00,19.151193605372473,66.14607392148525
2024-02-05 02:00:00,18.820960208839963,63.015473424744165
2024-02-05 02:30:00,22.275293678548817,55.74732360626478
2024-02-05 03:00:00,21.606450514567154,72.42594958339446
2024-02-05 03:30:00,23.134693058785107,61.3238765548899
2024-02-05 04:00:00,23.943541909390483,66.37695368999508
2024-02-05 04:30:00,23.979890351408663,59.24142783211386
2024-02-05 05:00:00,25.245952064365955,62.66679622352725
2024-02-05 05:30:00,24.439544957115586,64.19734252259202
2024-02-05 06:00:00,25.871297297457243,66.09097355877128
2024-02-05 06:30:00,23.568468933491374,65.28684152689112
2024-02-05 07:00:00,24.785637842437055,64.36098500036489
2024-02-05 07:30:00,26.17772432417118,58.42456634402946
2024-02-05 08:00:00,22.65992271323883,57.141269790219695
2024-02-05 08:30:00,22.255788432387497,61.66303755162099
2024-02-05 09:00:00,22.584975661524556,64.66564036170534
2024-02-05 09:30:00,21.26719607202673,58.886396496116966
2024-02-05 10:00:00,20.35063009927369,65.32585982857194
2024-02-05 10:30:00,19.316021453798662,67.2630837274309
2024-02-05 11:00:00,18.22291191958704,55.4183954046329
2024-02-05 11:30:00,17.414961764157045,55.8153964810186
2024-02-05 12:00:00,15.409818656928493,59.29812470547332
2024-02-05 12:30:00,13.45348042318088,61.53806334094598
2024-02-05 13:00:00,13.084383250177696,57.37716493116474
2024-02-05 13:30:00,13.073047611244444,66.76101339433572
2024-02-05 14:00:00,9.867366253617261,62.12033430759226
2024-02-05 14:30:00,7.937856405242192,60.1972352412037
2024-02-05 15:00:00,9.036012857421502,52.820452380657365
2024-02-05 15:30:00,6.9460854331342015,53.42092091786246
2024-02-05 16:00:00,4.167076416141679,61.40504625140903
2024-02-05 16:30:00,6.608626352037508,49.33702186922582
2024-02-05 17:00:00,4.805413551155425,65.06318704822036
2024-02-05 17:30:00,4.9950181039577455,59.2092307781384
2024-02-05 18:00:00,5.3319803305690145,76.21546484797366
2024-02-05 18:30:00,5.276051066040925,71.53958125308056
2024-02-05 19:00:00,6.050193554248369,59.09275465376242
2024-02-05 19:30:00,5.325718304317324,59.468314987343426
2024-02-05 20:00:00,6.852851760331623,64.97790757001015
2024-02-05 20:30:00,6.806919919503668,68.5158630495902
2024-02-05 21:00:00,8.667742669021782,51.80985471281991
2024-02-05 21:30:00,9.527753193925832,51.06812267322657
2024-02-05 22:00:00,9.064561297955425,56.889825972228095
2024-02-05 22:30:00,12.259147792523933,62.913687915869325
2024-02-05 23:00:00,11.875846103860576,62.48436795253799
2024-02-05 23:30:00,14.502795876080782,65.34885727491925
2024-02-06 00:00:00,15.367287313401253,54.00151235817346
2024-02-06 00:30:00,18.143445598995594,48.41928068515561
2024-02-06 01:00:00,17.364724468653353,64.29007097651072
2024-02-06 01:30:00,18.477517527532473,55.859018635173825
2024-02-06 02:00:00,19.980580394112337,49.90756067805681
2024-02-06 02:30:00,20.784434507252808,60.72531872979691
2024-02-06 03:00:00,22.871009713807442,63.96587844109339
2024-02-06 03:30:00,21.317222794475718,59.38971433939361
2024-02-06 04:00:00,22.606571618697874,57.710758069087554
2024-02-06 04:30:00,23.17099240353368,59.20318883927047
2024-02-06 05:00:00,25.60956585486427,58.14708618799609
2024-02-06 05:30:00,26.625061986320006,53.259764440299165
2024-02-06 06:00:00,24.89555078146253,56.42659661504784
2024-02-06 06:30:00,24.74562689054807,62.60639952506907
2024-02-06 07:00:00,24.729310426003877,61.6083927068825
2024-02-06 07:30:00,25.400673627721066,60.8402990298341
2024-02-06 08:00:00,22.73290090365394,55.0242575907331
2024-02-06 08:30:00,23.171902385647265,59.09248418932167
2024-02-06 09:00:00,23.046265441647822,49.11467476778573
2024-02-06 09:30:00,21.58870846002715,60.89238331942695
2024-02-06 10:00:00,20.189581616598815,67.14428853906784
2024-02-06 10:30:00,19.827880416218076,52.62933933978947
2024-02-06 11:00:00,14.884958158026242,57.070361633411224
2024-02-06 11:30:00,16.98313724173138,61.64553389355065
2024-02-06 12:00:00,14.345924316872487,66.26421317213742
2024-02-06 12:30:00,11.864105180943179,57.758876918499254
2024-02-06 13:00:00,12.923012148499879,56.53874835367052
2024-02-06 13:30:00,12.546824221512384,50.15538428791959
2024-02-06 14:00:00,9.862551485372329,60.517190646540534
2024-02-06 14:30:00,9.865260257115718,70.21038020071872
2024-02-06 15:00:00,9.541210446123326,61.38679230982338
2024-02-06 15:30:00,8.381381050671806,59.888605104081435
2024-02-06 16:00:00,7.979710491526933,61.61041155383493
2024-02-06 16:30:00,6.50333216595906,59.94453998025699
2024-02-06 17:00:00,5.416175376010922,55.93492813869935
2024-02-06 17:30:00,3.4835855743647293,64.11639957838852
2024-02-06 18:00:00,4.753937511870052,61.12880761555877
2024-02-06 18:30:00,4.242304790945715,60.08806625966829
2024-02-06 19:00:00,7.511684454607089,55.12316986360875
2024-02-06 19:30:00,5.585318862454749,66.5175396596738
2024-02-06 20:00:00,6.462950768940059,63.32351372666555
2024-02-06 20:30:00,7.617951973127922,57.23539581316349
2024-02-06 21:00:00,7.972534634506983,65.00912426840969
2024-02-06 21:30:00,10.607436750343586,57.51214580807397
2024-02-06 22:00:00,9.377350638265384,56.08998253744482
2024-02-06 22:30:00,11.367773131586208,56.20148441259857
2024-02-06 23:00:00,11.669338963276918,51.144657234559546
2024-02-06 23:30:00,12.374715566578715,62.357711902091026
2024-02-07 00:00:00,14.388230909094695,50.84427560830825
2024-02-07 00:30:00,16.268225125151847,53.857780843671186
2024-02-07 01:00:00,17.158888226507734,49.62205995460734
2024-02-07 01:30:00,18.134413343777144,59.569651536045534
2024-02-07 02:00:00,18.593682536328053,59.24839769864064
2024-02-07 02:30:00,21.00450871745844,58.36651893406818
2024-02-07 03:00:00,20.56634743783444,54.78711152664712
2024-02-07 03:30:00,23.693589366601778,54.1388312328168
2024-02-07 04:00:00,23.74269379077891,62.32184931773287
2024-02-07 04:30:00,22.78124382564797,57.24724034145756
2024-02-07 05:00:00,24.350049185840778,61.58179160768072
2024-02-07 05:30:00,24.162292208147505,55.57375656937889
2024-02-07 06:00:00,25.31917451041918,60.90531371385541
2024-02-07 06:30:00,26.254899059761254,66.51639018658032
2024-02-07 07:00:00,22.784085793244937,62.930829001963914
2024-02-07 07:30:00,24.35382140426037,57.9379309089176
2024-02-07 08:00:00,23.500121242277842,61.285994851779634
2024-02-07 08:30:00,23.604873479362734,58.796674127348936
2024-02-07 09:00:00,22.284264440103236,60.03940092347364
2024-02-07 09:30:00,20.335644958348432,58.37194473925748
2024-02-07 10:00:00,19.680946064333398,59.17832397057305
2024-02-07 10:30:00,18.030808466847645,61.060466765370876
2024-02-07 11:00:00,18.664197589623736,55.033206502090245
2024-02-07 11:30:00,16.32657357087263,54.920605865050106
2024-02-07 12:00:00,16.901190685753136,53.05728723084395
2024-02-07 12:30:00,13.634077263984945,51.99864447748145
2024-02-07 13:00:00,11.703402782064645,53.913586538897604
2024-02-07 13:30:00,9.659451283736272,60.79731253402065
2024-02-07 14:00:00,8.196860323744017,55.53606242254058
2024-02-07 14:30:00,7.328249766907461,62.56807232115548
2024-02-07 15:00:00,8.196058839146119,60.17356874376281
2024-02-07 15:30:00,7.575191620317477,50.15747893280973
2024-02-07 16:00:00,4.758555260123513,63.27487792110845
2024-02-07 16:30:00,6.656242988963259,64.05399322795854
2024-02-07 17:00:00,4.857680685425947,55.03068662582574
2024-02-07 17:30:00,5.2323443982474735,62.10095771447496
2024-02-07 18:00:00,6.612220628255424,55.71750881295401
2024-02-07 18:30:00,5.982390702127408,60.48835188374168
2024-02-07 19:00:00,5.07221108920346,53.677507965225175
2024-02-07 19:30:00,4.870012449471825,51.03446773732712
2024-02-07 20:00:00,4.187930560826162,58.085914051935156
2024-02-07 20:30:00,6.347313277845248,59.38135526862582
2024-02-07 21:00:00,7.717801949306884,58.01160153192698
2024-02-07 21:30:00,7.925206182761478,54.0798472088872
2024-02-07 22:00:00,9.868743032907588,58.00050468934432
2024-02-07 22:30:00,11.250017559307535,61.34647376290367
2024-02-07 23:00:00,12.186953567166679,59.77553484938731
2024-02-07 23:30:00,13.044735496976031,60.91250515299607
2024-02-08 00:00:00,15.168654671966493,56.64942399772884
2024-02-08 00:30:00,16.747202571769737,65.8585895735808
2024-02-08 01:00:00,16.49779137358249,54.119133317226094
2024-02-08 01:30:00,20.23776670339707,62.437801485433596
2024-02-08 02:00:00,19.90141186771568,65.9094554647998
2024-02-08 02:30:00,21.106463913032037,62.404540463744475
2024-02-08 03:00:00,22.779282235121848,58.98737886467585
2024-02-08 03:30:00,23.166749534175892,57.358514766685104
2024-02-08 04:00:00,24.613390671757543,65.18043825523128
2024-02-08 04:30:00,24.525919490314642,52.885125373691636
2024-02-08 05:00:00,24.04682088825022,55.149378698101785
2024-02-08 05:30:00,25.275952138944163,58.01221117254139
2024-02-08 06:00:00,23.85627379267934,66.18826878755999
2024-02-08 06:30:00,25.023008319514624,61.89883818020448
2024-02-08 07:00:00,24.626028272246273,55.15977120744877
2024-02-08 07:30:00,24.03067846784039,58.44846147307548
2024-02-08 08:00:00,23.531716526405372,56.928384279518525
2024-02-08 08:30:00,21.051684357414757,56.45105503883232
2024-02-08 09:00:00,21.522342904124535,64.8944477927839
2024-02-08 09:30:00,21.180459191228536,53.14128435368247
2024-02-08 10:00:00,20.1598563919976,68.04390427867187
2024-02-08 10:30:00,17.79915918272485,64.14114845092311
2024-02-08 11:00:00,18.853898291890047,65.45430835301849
2024-02-08 11:30:00,15.439087073986117,57.68530243987371
2024-02-08 12:00:00,15.969457200526795,59.250296404604455
2024-02-08 12:30:00,14.121932439671466,52.83424092737644
2024-02-08 13:00:00,11.765582239130962,57.37668796466598
2024-02-08 13:30:00,12.94847656895855,62.468274238215756
2024-02-08 14:00:00,8.806363168243669,66.48031530890698
2024-02-08 14:30:00,9.831539883522897,54.464215915987744
2024-02-08 15:00:00,8.929514506177764,58.17247031507367
2024-02-08 15:30:00,6.39584638801103,59.24350389883739
2024-02-08 16:00:00,7.732211262219943,53.021053989037576
2024-02-08 16:30:00,5.5111581602882715,62.956746208792
2024-02-08 17:00:00,5.629435366389226,56.38004834128695
2024-02-08 17:30:00,5.345873225033101,59.02304824411488
2024-02-08 18:00:00,4.865691258529452,57.740253140440615
2024-02-08 18:30:00,5.89635965942167,56.05330747140163
2024-02-08 19:00:00,6.134230457661523,59.96477507259723
2024-02-08 19:30:00,4.012672701648849,58.92195210715989
2024-02-08 20:00:00,7.644086205033796,58.14071058860667
2024-02-08 20:30:00,5.403974609051863,56.357691891598286
2024-02-08 21:00:00,8.961478392476081,61.59762335391478
2024-02-08 21:30:00,10.039090846740299,68.26808634246143
2024-02-08 22:00:00,8.909033569784508,60.69943616419564
2024-02-08 22:30:00,10.762351388394508,64.98059107455565
2024-02-08 23:00:00,11.306104880488887,53.048890374232684
2024-02-08 23:30:00,13.47981704751054,60.788807196468845
2024-02-09 00:00:00,14.691965715814092,54.513158405144665
2024-02-09 00:30:00,17.084922454470014,52.615375362340494
2024-02-09 01:00:00,18.89849919714474,56.30314296270482
2024-02-09 01:30:00,20.22251813444082,65.95949667206787
2024-02-09 02:00:00,19.437831973421456,64.75007914334823
2024-02-09 02:30:00,20.87839241634249,61.215023610272
2024-02-09 03:00:00,20.38762961964459,52.33649720055035
2024-02-09 03:30:00,22.12766333641607,59.018596743060314
2024-02-09 04:00:00,24.62510567094179,61.50850004450868
2024-02-09 04:30:00,25.854378148661073,60.87768114789299
2024-02-09 05:00:00,23.42490939101068,50.78103208259627
2024-02-09 05:30:00,24.321984354585215,55.54841075990064
2024-02-09 06:00:00,24.973594243041074,59.67961117925642
2024-02-09 06:30:00,25.194609772557733,62.68145454758595
2024-02-09 07:00:00,23.849654742969072,49.01936089450027
2024-02-09 07:30:00,24.6628563695771,59.18938012260071
2024-02-09 08:00:00,23.186414690773493,60.71524384939476
2024-02-09 08:30:00,22.919081132034073,64.24805994258107
2024-02-09 09:00:00,22.61735205986935,63.464287921187186
2024-02-09 09:30:00,21.094036559898306,62.91285659404403
2024-02-09 10:00:00,19.563614109473324,56.00029746649033
2024-02-09 10:30:00,18.717224519725175,50.45998931438346
2024-02-09 11:00:00,17.499827491819946,58.034736214693
2024-02-09 11:30:00,15.935250892318424,65.0081591260428
2024-02-09 12:00:00,14.741203937333172,66.96727263762216
2024-02-09 12:30:00,15.29338524830415,63.55274551148893
2024-02-09 13:00:00,12.972728996916214,62.14670411400867
2024-02-09 13:30:00,10.877685358320077,61.898198241929826
2024-02-09 14:00:00,10.696954404510825,57.219406266196096
2024-02-09 14:30:00,8.578566220157057,59.3496985322319
2024-02-09 15:00:00,9.102056825721178,68.34534762913165
2024-02-09 15:30:00,7.4361087892857265,55.28720997104062
2024-02-09 16:00:00,6.232443818151492,68.07389395354926
2024-02-09 16:30:00,6.208921600697476,58.38985922753971
2024-02-09 17:00:00,3.769865585040777,66.62716054547539
2024-02-09 17:30:00,3.9587839173521013,52.96592495251231
2024-02-09 18:00:00,3.8060749936009444,62.92952100582325
2024-02-09 18:30:00,5.228494481025566,56.31614932026189
2024-02-09 19:00:00,7.073256736594347,52.923664040379066
2024-02-09 19:30:00,7.992504821079796,61.09267021205473
2024-02-09 20:00:00,6.977797063596292,65.04735894297984
2024-02-09 20:30:00,7.5673110720320365,55.77529280703252
2024-02-09 21:00:00,6.127874453981736,52.504920197707996
2024-02-09 21:30:00,8.369711910178523,59.540776178325224
2024-02-09 22:00:00,9.212216248091774,59.562823356114095
2024-02-09 22:30:00,10.55231807809804,62.74159813777249
2024-02-09 23:00:00,12.243665730389825,64.74797285682244
2024-02-09 23:30:00,13.222647500102218,59.70292409363753
2024-02-10 00:00:00,13.020700189623831,69.27751657397131
2024-02-10 00:30:00,17.053172178317997,61.12117372267646
2024-02-10 01:00:00,16.515447425285387,58.2678674699655
2024-02-10 01:30:00,19.066081187761814,51.94216320448586
2024-02-10 02:00:00,22.07408266974979,58.686702398419165
2024-02-10 02:30:00,20.168229698500873,58.31806527294432
2024-02-10 03:00:00,19.540780289119056,64.80152398140736
2024-02-10 03:30:00,22.647529181032194,62.31241812033427
2024-02-10 04:00:00,24.76121367284294,54.10315439183692
2024-02-10 04:30:00,26.197142779333355,60.86127193205519
2024-02-10 05:00:00,23.429708668438277,63.357655858645266
2024-02-10 05:30:00,25.41114783697464,67.64015679693917
2024-02-10 06:00:00,24.534689543219947,64.4375198370703
2024-02-10 06:30:00,24.80850025943398,63.804233271557386
2024-02-10 07:00:00,27.30360160990781,60.300429973075815
2024-02-10 07:30:00,22.73582499671772,61.94156002711725
2024-02-10 08:00:00,23.91399369933895,66.2475245035308
2024-02-10 08:30:00,23.40122657467792,53.33611301260175
2024-02-10 09:00:00,23.156854136804952,58.25280336391522
2024-02-10 09:30:00,21.185597443557985,56.137156256218795
2024-02-10 10:00:00,20.308050539504183,61.89576559363062
2024-02-10 10:30:00,18.435185756229153,66.15111087825395
2024-02-10 11:00:00,17.85731739227032,57.01512856639463
2024-02-10 11:30:00,15.962069646703354,48.04847816265281
2024-02-10 12:00:00,15.621571889855973,57.93889627487765
2024-02-10 12:30:00,13.325127741756011,64.56736866008703
2024-02-10 13:00:00,12.788909942877094,62.6881495147494
2024-02-10 13:30:00,11.143902862664197,62.14093123905288
2024-02-10 14:00:00,11.126050250772446,58.6000334906276
2024-02-10 14:30:00,8.8609919863243,53.60484631890107
2024-02-10 15:00:00,6.155899719927607,62.57647160812234
2024-02-10 15:30:00,8.328388097801756,55.828590949826875
2024-02-10 16:00:00,5.4340136612930685,70.92048366690229
2024-02-10 16:30:00,5.1074383362382445,62.85253604177258
2024-02-10 17:00:00,4.745080443065841,57.09675848723025
2024-02-10 17:30:00,6.459989479432715,56.94307376305686
2024-02-10 18:00:00,2.8643257860213045,59.53527896693206
2024-02-10 18:30:00,8.2232999199219,58.802490389891254
2024-02-10 19:00:00,6.396798546175324,65.58416887764977
2024-02-10 19:30:00,5.984443589016133,60.93208084872023
2024-02-10 20:00:00,6.2848519615392835,56.34184130545736
2024-02-10 20:30:00,7.352020671945451,69.45220342577892
2024-02-10 21:00:00,8.45005461651386,60.246541657601114
2024-02-10 21:30:00,9.557601295862657,63.844198379844485
2024-02-10 22:00:00,10.555604466003519,56.958867462776205
2024-02-10 22:30:00,11.262746357604206,61.815578138722614
2024-02-10 23:00:00,12.214471128667629,61.555549955715975
2024-02-10 23:30:00,13.543464794145901,50.55175353951924
2024-02-11 00:00:00,14.805091719647004,70.0763755523032
2024-02-11 00:30:00,17.439032019067593,66.45322230461274
2024-02-11 01:00:00,18.18174717330585,58.01402341927006
2024-02-11 01:30:00,15.886445688986708,54.48865129772072
2024-02-11 02:00:00,20.655900776529638,61.73780806901776
2024-02-11 02:30:00,21.28235048480568,60.433488497071984
2024-02-11 03:00:00,22.05235905541954,61.778344742816145
2024-02-11 03:30:00,22.54501494982363,60.95788698097045
2024-02-11 04:00:00,24.784366757830416,62.53120494652963
2024-02-11 04:30:00,25.186321787235645,67.23652849695904
2024-02-11 05:00:00,23.88638059506696,62.84051602564323
2024-02-11 05:30:00,25.321500900862624,54.751722505450296
2024-02-11 06:00:00,24.028343265458712,66.81281426356226
2024-02-11 06:30:00,23.53483044894918,68.20307281744144
2024-02-11 07:00:00,24.032541038300792,75.76028367256042
2024-02-11 07:30:00,25.10118879749561,54.38252983380201
2024-02-11 08:00:00,24.613379083220572,61.21441006575137
2024-02-11 08:30:00,23.446618823009565,49.589506484055065
2024-02-11 09:00:00,22.79616359871355,62.765745781896044
2024-02-11 09:30:00,21.603792577202444,57.25899850916613
2024-02-11 10:00:00,19.35851840477707,69.61722897412477
2024-02-11 10:30:00,19.258756868325083,56.12692514990709
2024-02-11 11:00:00,18.38859997625283,51.554084810163694
2024-02-11 11:30:00,17.059553252014272,57.6436812964874
2024-02-11 12:00:00,16.188913371475063,50.12256114391431
2024-02-11 12:30:00,14.403041925000641,63.75549727253655
2024-02-11 13:00:00,12.76325775651615,49.6745847687184
2024-02-11 13:30:00,12.243315914665539,60.14228790591579
2024-02-11 14:00:00,9.973478740751156,49.610940900719015
2024-02-11 14:30:00,8.030511058685015,58.39851097731679
2024-02-11 15:00:00,7.765865224190877,68.21689077902266
2024-02-11 15:30:00,6.3215639522811005,61.803239457178975
